Type,Code,IsSuspended,Name,Region,Latitude,Longitude,X,Y,ClassificationId,PrefectureClassificationId,OldLatitude,OldLongitude
2,AIC001,False,尾西,愛知県,35.2976,136.75,165,268,0,0,0,0
2,AIC002,False,小牧,愛知県,35.2979,136.9153,169,268,0,0,0,0
2,AIC003,False,津島,愛知県,35.1732,136.7404,165,272,0,0,0,0
2,AIC004,False,名古屋,愛知県,35.0632,136.9737,170,274,0,0,0,0
2,AIC005,False,藤岡,愛知県,35.1979,137.2056,175,271,0,0,0,0
2,AIC006,False,稲武,愛知県,35.2159,137.5086,181,270,0,0,0,0
2,AIC007,True,足助,愛知県,35.1394,137.3353,177,272,0,0,0,0
2,AIC008,False,設楽,愛知県,35.1006,137.5756,182,273,0,0,0,0
2,AIC009,False,豊田,愛知県,35.0812,137.1464,173,274,0,0,0,0
2,AIC010,False,作手,愛知県,34.976,137.4236,179,276,0,0,0,0
2,AIC011,False,知多,愛知県,34.9965,136.8639,168,276,0,0,0,0
2,AIC012,False,安城,愛知県,34.9119,137.0447,170,278,0,0,0,0
2,AIC013,False,長篠,愛知県,34.9335,137.5761,181,277,0,0,0,0
2,AIC014,False,蒲郡,愛知県,34.8263,137.22,175,280,0,0,0,0
2,AIC015,False,豊橋,愛知県,34.7549,137.4047,179,282,0,0,0,0
2,AIC016,False,美浜,愛知県,34.7788,136.9087,169,280,0,0,0,0
2,AIC017,False,田原,愛知県,34.6728,137.2606,176,284,0,0,0,0
2,AIC018,False,渥美,愛知県,34.6221,137.1078,173,285,0,0,0,0
2,AKT001,False,小坂,秋田県,40.3279,140.7428,247,145,0,0,0,0
2,AKT002,False,大館,秋田県,40.2677,140.5659,243,148,0,0,0,0
2,AKT003,True,藤里,秋田県,40.2782,140.2631,237,146,0,0,0,0
2,AKT004,False,八森,秋田県,40.3888,139.9827,231,144,0,0,0,0
2,AKT005,False,能代,秋田県,40.2032,140.0288,232,148,0,0,0,0
2,AKT006,False,鹿角,秋田県,40.2152,140.7873,248,148,0,0,0,0
2,AKT007,False,琴丘,秋田県,40.0376,140.0919,233,152,0,0,0,0
2,AKT008,False,飯田川,秋田県,39.883,140.0716,233,156,0,0,0,0
2,AKT009,False,男鹿,秋田県,39.8879,139.8466,228,156,0,0,0,0
2,AKT010,False,秋田,秋田県,39.7225,140.1002,234,160,0,0,0,0
2,AKT011,False,宮田,秋田県,39.8128,140.5803,243,158,0,0,0,0
2,AKT012,False,田沢湖,秋田県,39.6991,140.7181,247,160,0,0,0,0
2,AKT013,False,協和,秋田県,39.6069,140.3213,237,162,0,0,0,0
2,AKT014,False,角館,秋田県,39.595,140.5554,242,163,0,0,0,0
2,AKT015,False,本荘,秋田県,39.383,140.0499,233,168,0,0,0,0
2,AKT016,False,大曲,秋田県,39.4544,140.476,241,167,0,0,0,0
2,AKT017,False,横手,秋田県,39.2975,140.5629,243,170,0,0,0,0
2,AKT018,False,鳥海,秋田県,39.1939,140.1902,236,173,0,0,0,0
2,AKT019,False,雄勝,秋田県,39.0384,140.451,240,177,0,0,0,0
2,AKT020,False,象潟,秋田県,39.2022,139.9085,230,173,0,0,0,0
2,AKT021,False,阿仁,秋田県,39.995,140.4031,240,152,0,0,0,0
2,AKT022,False,玉川,秋田県,39.7739,140.6667,245,159,0,0,0,0
2,AKT023,True,椿台,秋田県,39.1462,140.717,246,174,0,0,0,0
2,AOM001,False,大間,青森県,41.5267,140.9244,250,116,0,0,0,0
2,AOM002,False,福浦,青森県,41.328,140.8132,248,121,0,0,0,0
2,AOM003,False,大畑,青森県,41.4053,141.1691,255,119,0,0,0,0
2,AOM004,False,尻屋,青森県,41.4087,141.4486,261,119,0,0,0,0
2,AOM005,False,むつ,青森県,41.2948,141.1972,256,121,0,0,0,0
2,AOM006,True,川内,青森県,41.1976,140.9972,253,123,0,0,0,0
2,AOM007,False,南通,青森県,41.2256,141.3958,260,124,0,0,0,0
2,AOM008,False,横浜,青森県,41.084,141.2552,257,127,0,0,0,0
2,AOM009,False,六ヶ所,青森県,40.9665,141.3733,259,129,0,0,0,0
2,AOM010,False,野辺地,青森県,40.8721,141.1416,256,132,0,0,0,0
2,AOM011,False,三沢,青森県,40.6803,141.3669,259,136,0,0,0,0
2,AOM012,False,八戸,青森県,40.5138,141.4805,262,141,0,0,0,0
2,AOM013,True,南部,青森県,40.4124,141.28,257,143,0,0,0,0
2,AOM014,False,子ノ口,青森県,40.4371,140.9406,251,142,0,0,0,0
2,AOM015,False,碇ヶ関,青森県,40.4738,140.6306,245,141,0,0,0,0
2,AOM016,False,弘前,青森県,40.6018,140.499,242,138,0,0,0,0
2,AOM017,False,深浦,青森県,40.6363,139.9284,230,137,0,0,0,0
2,AOM018,False,鯵ヶ沢,青森県,40.7782,140.1976,236,134,0,0,0,0
2,AOM019,False,五所川原,青森県,40.8152,140.4473,241,133,0,0,0,0
2,AOM020,False,青森,青森県,40.8193,140.7501,247,133,0,0,0,0
2,AOM021,False,十和田,青森県,40.6152,141.208,256,138,0,0,0,0
2,AOM022,False,東田沢,青森県,40.9924,140.9155,250,129,0,0,0,0
2,AOM023,False,中里,青森県,40.9676,140.4326,240,129,0,0,0,0
2,AOM024,False,蟹田,青森県,41.0473,140.6398,245,127,0,0,0,0
2,AOM025,True,今別,青森県,41.1795,140.4801,241,124,0,0,0,0
2,AOM026,False,小泊,青森県,41.1281,140.3106,238,125,0,0,0,0
2,AOM027,False,脇野沢,青森県,41.1453,140.8219,248,125,0,0,0,0
2,AOM028,False,八甲田,青森県,40.7002,140.919,250,136,0,0,0,0
2,AOM029,True,西目屋,青森県,40.5758,140.2965,237,138,0,0,0,0
2,CHB001,False,野田,千葉県,35.9595,139.8733,229,252,0,0,0,0
2,CHB002,True,松戸,千葉県,35.7868,139.9031,229,256,0,0,0,0
2,CHB003,False,白井,千葉県,35.7943,140.0564,233,256,0,0,0,0
2,CHB004,False,佐原,千葉県,35.9007,140.4905,241,254,0,0,0,0
2,CHB005,False,銚子,千葉県,35.7358,140.83,248,258,0,0,0,0
2,CHB006,False,成田,千葉県,35.7801,140.3067,238,257,0,0,0,0
2,CHB007,False,佐倉,千葉県,35.7234,140.2267,236,258,0,0,0,0
2,CHB008,True,浦安,千葉県,35.6537,139.9023,228,260,0,0,0,0
2,CHB009,False,千葉,千葉県,35.6082,140.1022,236,260,0,0,0,0
2,CHB010,False,八日市場,千葉県,35.7077,140.568,244,258,0,0,0,0
2,CHB011,False,蓮沼,千葉県,35.6021,140.5014,242,261,0,0,0,0
2,CHB012,False,東金,千葉県,35.5727,140.3333,239,262,0,0,0,0
2,CHB013,False,茂原,千葉県,35.4327,140.2905,237,265,0,0,0,0
2,CHB014,False,姉崎,千葉県,35.4769,140.0489,232,264,0,0,0,0
2,CHB015,False,木更津,千葉県,35.3738,139.9159,231,267,0,0,0,0
2,CHB016,False,岬,千葉県,35.2999,140.3867,239,269,0,0,0,0
2,CHB017,False,市場,千葉県,35.2988,140.0755,233,269,0,0,0,0
2,CHB018,False,勝浦,千葉県,35.1577,140.3222,238,272,0,0,0,0
2,CHB019,False,鋸南,千葉県,35.1105,139.8351,228,273,0,0,0,0
2,CHB020,False,鴨川,千葉県,35.1155,140.1022,235,273,0,0,0,0
2,CHB021,False,白浜,千葉県,34.9083,139.8979,229,278,0,0,0,0
2,CHB022,False,富津,千葉県,35.3083,139.8598,229,269,0,0,0,0
2,CHB023,True,館山,千葉県,34.9741,139.8449,228,276,0,0,0,0
2,CHB024,False,稲毛,千葉県,35.6335,140.0784,233,260,0,0,0,0
2,CHB025,False,千倉,千葉県,34.9707,139.9459,231,277,0,0,0,0
2,CHB026,False,長南,千葉県,35.3872,140.237,235,266,0,0,0,0
2,CHB027,False,勝浦北,千葉県,35.181,140.2655,236,271,0,0,0,0
2,CHB028,False,市川北,千葉県,35.766,139.9665,230,257,0,0,0,0
2,CHB029,True,行徳,千葉県,35.6947,139.9176,230,259,0,0,0,0
2,CHB030,True,木更津市役所,千葉県,35.3766,139.9151,230,267,0,0,0,0
2,EHM001,False,伊予三島,愛媛県,33.981,133.549,100,301,0,0,0,0
2,EHM002,False,新居浜,愛媛県,33.9216,133.3074,95,302,0,0,0,0
2,EHM003,False,東予,愛媛県,33.9266,133.0843,91,301,0,0,0,0
2,EHM004,False,今治,愛媛県,34.0624,132.9982,89,299,0,0,0,0
2,EHM005,False,川内,愛媛県,33.7974,132.9141,87,305,0,0,0,0
2,EHM006,False,美川,愛媛県,33.641,133.0082,89,309,0,0,0,0
2,EHM007,False,北条,愛媛県,33.9621,132.7722,84,301,0,0,0,0
2,EHM008,False,松山,愛媛県,33.8198,132.7282,84,305,0,0,0,0
2,EHM009,False,広田,愛媛県,33.6324,132.7963,85,309,0,0,0,0
2,EHM010,False,肱川,愛媛県,33.4512,132.6882,82,314,0,0,0,0
2,EHM011,False,八幡浜,愛媛県,33.4496,132.4336,77,314,0,0,0,0
2,EHM012,False,宇和島,愛媛県,33.2217,132.5727,80,320,0,0,0,0
2,EHM013,False,三崎,愛媛県,33.3924,132.1141,71,314,0,0,0,0
2,EHM014,False,西海,愛媛県,32.9453,132.5047,79,326,0,0,0,0
2,EHM015,False,長浜,愛媛県,33.6094,132.4768,78,310,0,0,0,0
2,EHM016,False,伊予,愛媛県,33.7654,132.7089,82,306,0,0,0,0
2,FKI001,False,三国,福井県,36.2184,136.157,153,246,0,0,0,0
2,FKI002,True,越廼,福井県,36.0386,136.0137,150,250,0,0,0,0
2,FKI003,False,福井,福井県,36.0444,136.2279,155,250,0,0,0,0
2,FKI004,False,大野,福井県,35.9789,136.4865,160,252,0,0,0,0
2,FKI005,True,武生,福井県,35.9067,136.1743,154,254,0,0,0,0
2,FKI006,False,今庄,福井県,35.7731,136.1998,154,257,0,0,0,0
2,FKI007,False,敦賀,福井県,35.6447,136.0575,151,260,0,0,0,0
2,FKI008,False,三方,福井県,35.5479,135.9084,149,262,0,0,0,0
2,FKI009,False,小浜,福井県,35.4965,135.7519,145,263,0,0,0,0
2,FKI010,False,高浜,福井県,35.4904,135.551,142,264,0,0,0,0
2,FKI011,True,和泉,福井県,35.9053,136.6706,164,254,0,0,0,0
2,FKO001,False,玄海,福岡県,33.8425,130.5086,37,304,0,0,0,0
2,FKO002,False,中間,福岡県,33.8263,130.7053,42,305,0,0,0,0
2,FKO003,False,北九州,福岡県,33.8324,130.9014,46,305,0,0,0,0
2,FKO004,False,行橋,福岡県,33.7388,131.0095,49,307,0,0,0,0
2,FKO005,False,飯塚,福岡県,33.6519,130.6962,42,309,0,0,0,0
2,FKO006,False,福岡,福岡県,33.5969,130.3985,37,309,0,0,0,0
2,FKO007,False,前原,福岡県,33.561,130.2024,32,311,0,0,0,0
2,FKO008,False,添田,福岡県,33.5716,130.8539,45,311,0,0,0,0
2,FKO009,False,筑紫野,福岡県,33.4952,130.5163,39,313,0,0,0,0
2,FKO010,False,甘木,福岡県,33.4235,130.6689,43,315,0,0,0,0
2,FKO011,False,久留米,福岡県,33.3235,130.5115,38,317,0,0,0,0
2,FKO012,False,浮羽,福岡県,33.3319,130.7939,44,317,0,0,0,0
2,FKO013,False,八女,福岡県,33.2252,130.5607,39,319,0,0,0,0
2,FKO014,False,矢部,福岡県,33.1491,130.8182,45,321,0,0,0,0
2,FKO015,False,柳川,福岡県,33.1627,130.4052,36,321,0,0,0,0
2,FKO016,False,大牟田,福岡県,33.0159,130.4471,37,325,0,0,0,0
2,FKS001,False,相馬,福島県,37.7949,140.9196,250,207,0,0,0,0
2,FKS002,False,梁川,福島県,37.8449,140.6013,244,206,0,0,0,0
2,FKS003,False,福島,福島県,37.7613,140.4799,241,208,0,0,0,0
2,FKS004,False,飯舘,福島県,37.6799,140.7346,246,210,0,0,0,0
2,FKS005,False,原町,福島県,37.6385,140.9849,252,211,0,0,0,0
2,FKS006,False,葛尾,福島県,37.5031,140.7588,248,213,0,0,0,0
2,FKS007,False,大熊,福島県,37.4061,140.9632,251,217,0,0,0,0
2,FKS008,False,船引,福島県,37.4363,140.5668,244,217,0,0,0,0
2,FKS009,False,小野,福島県,37.2778,140.6349,244,220,0,0,0,0
2,FKS010,False,広野,福島県,37.2342,141.0016,252,221,0,0,0,0
2,FKS011,False,いわき,福島県,37.0911,140.9035,249,225,0,0,0,0
2,FKS012,False,勿来,福島県,36.9069,140.7929,248,229,0,0,0,0
2,FKS013,False,古殿,福島県,37.09,140.5563,243,225,0,0,0,0
2,FKS014,True,矢祭,福島県,36.8683,140.43,240,230,0,0,0,0
2,FKS015,False,棚倉,福島県,37.0217,140.3775,239,226,0,0,0,0
2,FKS016,False,白河,福島県,37.1228,140.1914,235,224,0,0,0,0
2,FKS017,False,須賀川,福島県,37.2842,140.3689,239,220,0,0,0,0
2,FKS018,False,郡山,福島県,37.3961,140.3622,238,217,0,0,0,0
2,FKS019,False,二本松,福島県,37.603,140.4368,240,212,0,0,0,0
2,FKS020,False,猪苗代,福島県,37.5474,140.1078,234,213,0,0,0,0
2,FKS021,False,喜多方,福島県,37.6535,139.8633,229,211,0,0,0,0
2,FKS022,False,西会津,福島県,37.6002,139.6467,224,212,0,0,0,0
2,FKS023,False,会津若松,福島県,37.4774,139.9294,230,215,0,0,0,0
2,FKS024,False,中野,福島県,37.3957,140.1325,234,217,0,0,0,0
2,FKS025,False,下郷,福島県,37.3077,139.9,229,218,0,0,0,0
2,FKS026,False,南郷,福島県,37.266,139.5386,222,220,0,0,0,0
2,FKS027,False,滝原,福島県,37.07,139.6808,225,225,0,0,0,0
2,FKS028,False,只見,福島県,37.3491,139.3144,217,217,0,0,0,0
2,FKS029,False,桧枝岐,福島県,37.0159,139.3801,219,226,0,0,0,0
2,FKS030,False,金山,福島県,37.453,139.5133,222,216,0,0,0,0
2,FKS031,False,川内,福島県,37.3364,140.8132,248,219,0,0,0,0
2,GIF001,False,白川,岐阜県,36.2742,136.8978,168,245,0,0,0,0
2,GIF002,False,河合,岐阜県,36.2734,137.0253,171,245,0,0,0,0
2,GIF003,False,神岡,岐阜県,36.3322,137.3014,177,243,0,0,0,0
2,GIF004,False,栃尾,岐阜県,36.2492,137.5174,181,245,0,0,0,0
2,GIF005,False,高山,岐阜県,36.1536,137.2514,177,247,0,0,0,0
2,GIF006,False,荘川,岐阜県,36.0333,136.9528,171,251,0,0,0,0
2,GIF007,False,高根,岐阜県,36.0378,137.4861,180,250,0,0,0,0
2,GIF008,False,小坂,岐阜県,35.9515,137.26,176,252,0,0,0,0
2,GIF009,False,白鳥,岐阜県,35.9219,136.8311,166,253,0,0,0,0
2,GIF010,False,下呂,岐阜県,35.8029,137.245,176,254,0,0,0,0
2,GIF011,False,八幡,岐阜県,35.7593,136.9808,170,257,0,0,0,0
2,GIF012,True,東杉原,岐阜県,35.6365,136.4882,160,260,0,0,0,0
2,GIF013,False,金山,岐阜県,35.6637,137.1617,174,260,0,0,0,0
2,GIF014,False,付知,岐阜県,35.6576,137.4258,179,260,0,0,0,0
2,GIF015,False,美濃,岐阜県,35.5454,136.9072,169,262,0,0,0,0
2,GIF016,False,七宗,岐阜県,35.5424,137.1191,173,263,0,0,0,0
2,GIF017,True,揖斐川,岐阜県,35.4829,136.5714,161,264,0,0,0,0
2,GIF018,False,中津川,岐阜県,35.4887,137.5,181,263,0,0,0,0
2,GIF019,False,恵那,岐阜県,35.4495,137.4039,178,265,0,0,0,0
2,GIF020,False,岐阜,岐阜県,35.4248,136.7568,166,265,0,0,0,0
2,GIF021,False,美濃加茂,岐阜県,35.4426,137,170,265,0,0,0,0
2,GIF022,False,上石津,岐阜県,35.2834,136.4715,160,269,0,0,0,0
2,GIF023,False,土岐,岐阜県,35.3882,137.2158,175,266,0,0,0,0
2,GIF024,False,明智,岐阜県,35.3009,137.387,178,268,0,0,0,0
2,GIF025,True,板取,岐阜県,35.7234,136.7847,164,259,0,0,0,0
2,GIF026,False,美山,岐阜県,35.5912,136.7414,165,261,0,0,0,0
2,GNM001,False,片品,群馬県,36.7722,139.2248,216,232,0,0,0,0
2,GNM002,False,水上,群馬県,36.7819,138.9695,211,232,0,0,0,0
2,GNM003,False,沼田,群馬県,36.6578,139.0784,213,235,0,0,0,0
2,GNM004,False,草津,群馬県,36.6172,138.5918,203,236,0,0,0,0
2,GNM005,False,嬬恋,群馬県,36.5133,138.5177,201,239,0,0,0,0
2,GNM006,False,吾妻,群馬県,36.5103,138.7523,206,239,0,0,0,0
2,GNM007,False,渋川,群馬県,36.4637,139.0092,211,240,0,0,0,0
2,GNM008,False,前橋,群馬県,36.3478,139.1368,214,242,0,0,0,0
2,GNM009,False,桐生,群馬県,36.4106,139.3251,218,241,0,0,0,0
2,GNM010,False,館林,群馬県,36.2343,139.5331,220,246,0,0,0,0
2,GNM011,False,太田,群馬県,36.2914,139.3609,219,244,0,0,0,0
2,GNM012,False,伊勢崎,群馬県,36.3147,139.1924,215,244,0,0,0,0
2,GNM013,False,高崎,群馬県,36.3181,139.0176,212,244,0,0,0,0
2,GNM014,False,坂本,群馬県,36.35,138.7179,205,243,0,0,0,0
2,GNM015,False,下仁田,群馬県,36.2287,138.7579,206,247,0,0,0,0
2,GNM016,True,万場,群馬県,36.1162,138.9251,210,247,0,0,0,0
2,HKD001,True,稚内,北海道,45.4163,141.672,265,20,0,0,0,0
2,HKD002,True,宗谷岬,北海道,45.5132,141.9548,271,18,0,0,0,0
2,HKD003,False,豊富,北海道,45.103,141.7667,266,28,0,0,0,0
2,HKD004,False,上猿払,北海道,45.2141,142.2255,277,25,0,0,0,0
2,HKD005,False,猿払,北海道,45.3299,142.1077,274,22,0,0,0,0
2,HKD006,False,浜頓別,北海道,45.1266,142.3519,279,27,0,0,0,0
2,HKD007,False,中頓別,北海道,44.9698,142.2908,279,31,0,0,0,0
2,HKD008,False,枝幸,北海道,44.9375,142.5744,284,32,0,0,0,0
2,HKD009,False,歌登,北海道,44.8417,142.4811,282,34,0,0,0,0
2,HKD010,True,風烈布,北海道,44.7406,142.7633,288,37,0,0,0,0
2,HKD011,False,東利尻,北海道,45.246,141.217,256,24,0,0,0,0
2,HKD012,False,船泊,北海道,45.4408,141.0367,253,20,0,0,0,0
2,HKD013,False,礼文,北海道,45.3049,141.0475,253,23,0,0,0,0
2,HKD014,False,沼川,北海道,45.2525,141.8531,268,24,0,0,0,0
2,HKD015,False,天塩,北海道,44.8845,141.75,267,33,0,0,0,0
2,HKD016,False,遠別,北海道,44.7195,141.8284,268,37,0,0,0,0
2,HKD017,True,初山別,北海道,44.5323,141.7664,267,42,0,0,0,0
2,HKD018,True,正修,北海道,44.5453,141.9653,271,42,0,0,0,0
2,HKD019,False,羽幌,北海道,44.3611,141.6978,266,46,0,0,0,0
2,HKD020,False,港町,北海道,44.1486,141.6642,265,51,0,0,0,0
2,HKD021,False,留萌,北海道,43.9407,141.637,265,56,0,0,0,0
2,HKD022,False,増毛,北海道,43.8515,141.5275,263,59,0,0,0,0
2,HKD023,False,雄冬,北海道,43.7735,141.3685,259,61,0,0,0,0
2,HKD024,True,達布,北海道,44.0489,141.8573,269,54,0,0,0,0
2,HKD025,False,中川,北海道,44.8116,142.0717,274,35,0,0,0,0
2,HKD026,False,音威子府,北海道,44.7284,142.2636,279,37,0,0,0,0
2,HKD027,True,美深,北海道,44.4806,142.3427,280,42,0,0,0,0
2,HKD028,False,名寄,北海道,44.3598,142.4547,281,46,0,0,0,0
2,HKD029,False,下川,北海道,44.3111,142.6419,285,46,0,0,0,0
2,HKD030,True,士別,北海道,44.1821,142.3942,280,50,0,0,0,0
2,HKD031,False,朝日,北海道,44.1185,142.5952,284,52,0,0,0,0
2,HKD032,False,和寒,北海道,44.0235,142.4123,281,54,0,0,0,0
2,HKD033,False,愛別,北海道,43.909,142.5695,284,57,0,0,0,0
2,HKD034,False,上川,北海道,43.8543,142.7686,288,59,0,0,0,0
2,HKD035,True,層雲峡,北海道,43.7704,142.9033,291,61,0,0,0,0
2,HKD036,False,旭川,北海道,43.7726,142.3648,280,61,0,0,0,0
2,HKD037,False,美瑛,北海道,43.5885,142.4675,282,65,0,0,0,0
2,HKD038,False,南富良野,北海道,43.1666,142.5662,284,75,0,0,0,0
2,HKD039,True,富良野,北海道,43.3421,142.3845,280,70,0,0,0,0
2,HKD040,False,占冠,北海道,42.9805,142.3995,280,80,0,0,0,0
2,HKD041,True,天人峡,北海道,43.6249,142.6837,286,64,0,0,0,0
2,HKD042,False,仁宇布,北海道,44.545,142.5691,284,43,0,0,0,0
2,HKD043,True,雄武,北海道,44.582,142.9644,292,41,0,0,0,0
2,HKD044,False,興部,北海道,44.4796,143.1277,295,43,0,0,0,0
2,HKD045,False,西興部,北海道,44.3287,142.9447,291,47,0,0,0,0
2,HKD046,False,滝上,北海道,44.1915,143.0774,294,50,0,0,0,0
2,HKD047,False,紋別,北海道,44.3557,143.3538,300,46,0,0,0,0
2,HKD048,False,湧別,北海道,44.2199,143.6155,305,50,0,0,0,0
2,HKD049,False,遠軽,北海道,44.0921,143.5336,303,53,0,0,0,0
2,HKD050,False,白滝,北海道,43.8785,143.1747,296,58,0,0,0,0
2,HKD051,False,佐呂間,北海道,44.0185,143.7747,308,55,0,0,0,0
2,HKD052,False,常呂,北海道,44.1204,144.0712,314,52,0,0,0,0
2,HKD053,False,留辺蘂,北海道,43.7849,143.6072,305,60,0,0,0,0
2,HKD054,False,北見,北海道,43.7996,143.9008,311,60,0,0,0,0
2,HKD055,False,美幌,北海道,43.8244,144.1087,315,59,0,0,0,0
2,HKD056,False,置戸,北海道,43.6707,143.578,305,63,0,0,0,0
2,HKD057,False,津別,北海道,43.7055,144.0272,313,62,0,0,0,0
2,HKD058,False,網走,北海道,44.0201,144.2729,318,54,0,0,0,0
2,HKD059,False,小清水,北海道,43.8565,144.4629,322,58,0,0,0,0
2,HKD060,False,斜里,北海道,43.9136,144.6657,326,57,0,0,0,0
2,HKD061,False,ウトロ,北海道,44.0699,144.9973,333,53,0,0,0,0
2,HKD062,True,富士見,北海道,43.6746,143.3088,299,63,0,0,0,0
2,HKD063,True,相泊,北海道,44.106,145.2478,338,52,0,0,0,0
2,HKD064,False,羅臼,北海道,44.0202,145.1886,337,55,0,0,0,0
2,HKD065,False,薫別,北海道,43.7938,145.0565,334,60,0,0,0,0
2,HKD066,False,標津,北海道,43.6619,145.1307,336,63,0,0,0,0
2,HKD067,False,中標津,北海道,43.555,144.9726,333,66,0,0,0,0
2,HKD068,True,上西春別,北海道,43.4108,144.7704,329,69,0,0,0,0
2,HKD069,False,別海,北海道,43.3941,145.1168,336,70,0,0,0,0
2,HKD070,True,本別海,北海道,43.3852,145.284,339,70,0,0,0,0
2,HKD071,False,厚床,北海道,43.2326,145.2604,339,74,0,0,0,0
2,HKD072,False,落石,北海道,43.1948,145.5209,344,75,0,0,0,0
2,HKD073,False,根室,北海道,43.3327,145.6003,345,71,0,0,0,0
2,HKD074,False,納沙布,北海道,43.368,145.8026,350,71,0,0,0,0
2,HKD075,True,浜中,北海道,43.0767,145.1296,336,78,0,0,0,0
2,HKD076,True,厚岸,北海道,43.0509,144.8498,330,78,0,0,0,0
2,HKD077,True,釧路,北海道,42.9845,144.3824,321,80,0,0,0,0
2,HKD078,True,塘路,北海道,43.1486,144.4976,323,76,0,0,0,0
2,HKD079,False,標茶,北海道,43.3033,144.5996,325,72,0,0,0,0
2,HKD080,False,弟子屈,北海道,43.5077,144.4485,322,67,0,0,0,0
2,HKD081,False,川湯,北海道,43.6427,144.3901,321,64,0,0,0,0
2,HKD082,False,阿寒湖畔,北海道,43.4369,144.0855,315,69,0,0,0,0
2,HKD083,False,鶴居,北海道,43.233,144.3248,320,74,0,0,0,0
2,HKD084,False,阿寒,北海道,43.1141,144.123,315,77,0,0,0,0
2,HKD085,False,白糠,北海道,42.9581,144.0697,315,81,0,0,0,0
2,HKD086,True,直別,北海道,42.8542,143.8579,310,83,0,0,0,0
2,HKD087,False,二股,北海道,43.1502,143.8916,311,76,0,0,0,0
2,HKD088,False,陸別,北海道,43.4716,143.7483,308,68,0,0,0,0
2,HKD089,False,足寄,北海道,43.2436,143.5544,304,74,0,0,0,0
2,HKD090,False,本別,北海道,43.1213,143.6183,305,77,0,0,0,0
2,HKD091,False,浦幌,北海道,42.8087,143.6588,306,84,0,0,0,0
2,HKD092,False,池田,北海道,42.9283,143.4483,302,81,0,0,0,0
2,HKD093,False,糠平,北海道,43.3191,143.3049,299,72,0,0,0,0
2,HKD094,False,士幌,北海道,43.1694,143.2408,297,75,0,0,0,0
2,HKD095,False,帯広,北海道,42.9311,143.2137,297,81,0,0,0,0
2,HKD096,False,中札内,北海道,42.6975,143.1356,295,87,0,0,0,0
2,HKD097,True,生花,北海道,42.6181,143.4209,301,89,0,0,0,0
2,HKD098,False,大樹,北海道,42.4984,143.2787,298,92,0,0,0,0
2,HKD099,False,新得,北海道,43.0736,142.8395,289,78,0,0,0,0
2,HKD100,False,広尾,北海道,42.2864,143.312,299,97,0,0,0,0
2,HKD101,False,トムラウシ,北海道,43.3338,142.9473,291,71,0,0,0,0
2,HKD102,False,日高,北海道,42.8775,142.4484,281,83,0,0,0,0
2,HKD103,False,幌毛志,北海道,42.7275,142.2973,278,85,0,0,0,0
2,HKD104,False,平取,北海道,42.5886,142.131,275,90,0,0,0,0
2,HKD105,False,門別,北海道,42.4825,142.0543,273,93,0,0,0,0
2,HKD106,False,静内,北海道,42.3414,142.3688,281,96,0,0,0,0
2,HKD107,False,農屋,北海道,42.4194,142.4992,282,94,0,0,0,0
2,HKD108,False,三石,北海道,42.2528,142.5643,284,98,0,0,0,0
2,HKD109,False,浦河,北海道,42.1678,142.7673,288,100,0,0,0,0
2,HKD110,False,様似,北海道,42.1306,142.9353,291,101,0,0,0,0
2,HKD111,False,えりも,北海道,42.017,143.1487,296,104,0,0,0,0
2,HKD112,False,えりも岬,北海道,41.937,143.2403,297,106,0,0,0,0
2,HKD113,False,目黒,北海道,42.1287,143.3153,299,101,0,0,0,0
2,HKD114,False,朱鞠内,北海道,44.2806,142.1612,275,48,0,0,0,0
2,HKD115,False,幌加内,北海道,44.0071,142.1484,275,55,0,0,0,0
2,HKD116,False,沼田,北海道,43.8007,141.9342,271,61,0,0,0,0
2,HKD117,False,深川,北海道,43.7243,142.0525,272,62,0,0,0,0
2,HKD118,False,滝川,北海道,43.5524,141.9175,272,66,0,0,0,0
2,HKD119,True,芦別,北海道,43.5199,142.1914,276,67,0,0,0,0
2,HKD120,False,月形,北海道,43.3443,141.6635,265,71,0,0,0,0
2,HKD121,False,美唄,北海道,43.3332,141.8553,269,71,0,0,0,0
2,HKD122,False,岩見沢,北海道,43.1968,141.7754,268,75,0,0,0,0
2,HKD123,False,夕張,北海道,42.9933,142.0085,272,80,0,0,0,0
2,HKD124,False,由仁,北海道,42.9986,141.7904,268,80,0,0,0,0
2,HKD125,False,穂別,北海道,42.7608,142.1346,275,85,0,0,0,0
2,HKD126,True,鵡川,北海道,42.575,141.9279,271,90,0,0,0,0
2,HKD127,False,追分,北海道,42.8741,141.8204,268,83,0,0,0,0
2,HKD128,False,早来,北海道,42.7655,141.8221,269,85,0,0,0,0
2,HKD129,False,苫小牧,北海道,42.6344,141.6057,264,89,0,0,0,0
2,HKD130,False,白老,北海道,42.5627,141.3499,259,90,0,0,0,0
2,HKD131,False,登別,北海道,42.4211,141.0814,254,94,0,0,0,0
2,HKD132,False,室蘭,北海道,42.3483,141.0319,253,96,0,0,0,0
2,HKD133,False,伊達,北海道,42.4727,140.8658,249,92,0,0,0,0
2,HKD134,False,大滝,北海道,42.6711,141.0791,253,88,0,0,0,0
2,HKD135,False,壮瞥,北海道,42.5533,140.8866,251,91,0,0,0,0
2,HKD136,False,豊浦,北海道,42.5894,140.6436,245,90,0,0,0,0
2,HKD137,False,余別,北海道,43.3235,140.3791,239,72,0,0,0,0
2,HKD138,False,積丹,北海道,43.2921,140.6014,244,72,0,0,0,0
2,HKD139,False,余市,北海道,43.1974,140.7818,247,75,0,0,0,0
2,HKD140,False,小樽,北海道,43.1907,140.9935,252,75,0,0,0,0
2,HKD141,False,神恵内,北海道,43.1449,140.4355,240,76,0,0,0,0
2,HKD142,False,赤井川,北海道,43.0846,140.82,248,77,0,0,0,0
2,HKD143,False,岩内,北海道,42.9793,140.5094,242,80,0,0,0,0
2,HKD144,False,倶知安,北海道,42.9057,140.7672,246,82,0,0,0,0
2,HKD145,True,喜茂別,北海道,42.7977,140.9364,251,84,0,0,0,0
2,HKD146,False,ニセコ,北海道,42.8077,140.6877,246,84,0,0,0,0
2,HKD147,False,蘭越,北海道,42.8051,140.5302,243,84,0,0,0,0
2,HKD148,False,黒松内,北海道,42.6679,140.3049,238,88,0,0,0,0
2,HKD149,True,寿都,北海道,42.7904,140.2305,236,84,0,0,0,0
2,HKD150,False,島牧,北海道,42.7011,140.0616,233,87,0,0,0,0
2,HKD151,False,長万部,北海道,42.4944,140.3539,239,92,0,0,0,0
2,HKD152,False,八雲,北海道,42.2586,140.2636,237,98,0,0,0,0
2,HKD153,False,上の湯,北海道,42.1244,140.3758,239,101,0,0,0,0
2,HKD154,False,森,北海道,42.0963,140.5633,243,102,0,0,0,0
2,HKD155,False,鹿部,北海道,42.0436,140.8064,248,103,0,0,0,0
2,HKD156,False,七飯,北海道,41.8995,140.6958,246,107,0,0,0,0
2,HKD157,False,南茅部,北海道,41.9051,140.9697,251,106,0,0,0,0
2,HKD158,False,椴法華,北海道,41.8345,141.1411,255,108,0,0,0,0
2,HKD159,False,戸井,北海道,41.7162,141.0025,252,111,0,0,0,0
2,HKD160,False,函館,北海道,41.7701,140.7383,247,110,0,0,0,0
2,HKD161,False,木古内,北海道,41.6795,140.4334,240,112,0,0,0,0
2,HKD162,False,福島,北海道,41.4862,140.247,237,117,0,0,0,0
2,HKD163,False,松前,北海道,41.4339,140.1115,234,118,0,0,0,0
2,HKD164,False,瀬棚,北海道,42.4502,139.8537,229,93,0,0,0,0
2,HKD165,False,今金,北海道,42.4286,140.0175,232,94,0,0,0,0
2,HKD166,False,大成,北海道,42.2286,139.8184,228,98,0,0,0,0
2,HKD167,False,熊石,北海道,42.1297,139.9815,230,101,0,0,0,0
2,HKD168,False,江差,北海道,41.8691,140.127,234,107,0,0,0,0
2,HKD169,False,木間内,北海道,41.9352,140.3695,239,106,0,0,0,0
2,HKD170,False,湯ノ岱,北海道,41.7492,140.2512,237,110,0,0,0,0
2,HKD171,False,小砂子,北海道,41.6487,139.9976,231,113,0,0,0,0
2,HKD172,False,稲穂,北海道,42.2397,139.552,222,98,0,0,0,0
2,HKD173,False,青苗,北海道,42.0661,139.4515,220,102,0,0,0,0
2,HKD174,False,北島歌,北海道,42.5949,139.8287,228,89,0,0,0,0
2,HKD175,False,浜益,北海道,43.6015,141.3882,260,65,0,0,0,0
2,HKD176,True,四番川,北海道,43.5324,141.5924,264,66,0,0,0,0
2,HKD177,False,厚田,北海道,43.4001,141.4346,261,70,0,0,0,0
2,HKD178,False,石狩,北海道,43.1721,141.3046,258,75,0,0,0,0
2,HKD179,False,当別,北海道,43.2237,141.5171,262,74,0,0,0,0
2,HKD180,False,札幌,北海道,43.139,141.3513,260,77,0,0,0,0
2,HKD181,False,江別,北海道,43.1161,141.5462,263,77,0,0,0,0
2,HKD182,False,広島,北海道,42.9925,141.5524,262,80,0,0,0,0
2,HKD183,False,定山渓,北海道,42.9721,141.1651,255,80,0,0,0,0
2,HKD184,False,千歳,北海道,42.79,141.601,264,85,0,0,0,0
2,HKD185,False,支笏湖畔,北海道,42.7755,141.4021,260,85,0,0,0,0
2,HRS001,False,高野,広島県,35.0337,132.9018,87,275,0,0,0,0
2,HRS002,False,東城,広島県,34.8951,133.2755,95,278,0,0,0,0
2,HRS003,False,三次,広島県,34.8143,132.8418,86,280,0,0,0,0
2,HRS004,True,芸北,広島県,34.7262,132.2772,74,283,0,0,0,0
2,HRS005,True,油木,広島県,34.777,133.2807,95,281,0,0,0,0
2,HRS006,True,豊平,広島県,34.6659,132.4077,77,284,0,0,0,0
2,HRS007,True,甲奴,広島県,34.7032,133.0946,91,283,0,0,0,0
2,HRS008,True,向原,広島県,34.6029,132.7201,83,286,0,0,0,0
2,HRS009,True,湯来,広島県,34.4926,132.2794,74,288,0,0,0,0
2,HRS010,False,世羅,広島県,34.5868,133.0488,90,286,0,0,0,0
2,HRS011,False,府中,広島県,34.5676,133.2362,94,286,0,0,0,0
2,HRS012,False,東広島,広島県,34.4276,132.7422,83,290,0,0,0,0
2,HRS013,False,広島,広島県,34.3768,132.4505,79,291,0,0,0,0
2,HRS014,False,大野,広島県,34.2869,132.2766,74,293,0,0,0,0
2,HRS015,False,福山,広島県,34.4849,133.3615,96,289,0,0,0,0
2,HRS016,False,尾道,広島県,34.4198,133.1971,93,290,0,0,0,0
2,HRS017,True,三原,広島県,34.404,133.0832,93,292,0,0,0,0
2,HRS018,False,竹原,広島県,34.3413,132.9068,87,292,0,0,0,0
2,HRS019,False,呉,広島県,34.253,132.5617,80,294,0,0,0,0
2,HRS020,False,因島,広島県,34.3027,133.1693,93,293,0,0,0,0
2,HRS021,False,西城,広島県,34.9529,133.1171,91,277,0,0,0,0
2,HYG001,True,浜坂,兵庫県,35.6194,134.45,119,261,0,0,0,0
2,HYG002,False,香住,兵庫県,35.6411,134.6284,122,259,0,0,0,0
2,HYG003,True,出石,兵庫県,35.4615,134.8758,127,264,0,0,0,0
2,HYG004,True,村岡,兵庫県,35.4582,134.5748,121,265,0,0,0,0
2,HYG005,False,和田山,兵庫県,35.3407,134.8619,127,267,0,0,0,0
2,HYG006,True,大屋,兵庫県,35.3326,134.6652,123,268,0,0,0,0
2,HYG007,True,波賀,兵庫県,35.1637,134.5459,120,272,0,0,0,0
2,HYG008,False,生野,兵庫県,35.1482,134.788,125,272,0,0,0,0
2,HYG009,False,黒井,兵庫県,35.169,135.1041,132,272,0,0,0,0
2,HYG010,False,丹南,兵庫県,35.0593,135.1777,133,274,0,0,0,0
2,HYG011,False,上月,兵庫県,34.9848,134.3228,116,276,0,0,0,0
2,HYG012,False,山崎,兵庫県,34.9959,134.552,122,277,0,0,0,0
2,HYG013,False,市川,兵庫県,34.989,134.7634,125,276,0,0,0,0
2,HYG014,False,西脇,兵庫県,35.0023,134.9999,130,276,0,0,0,0
2,HYG015,True,三田,兵庫県,34.9515,135.2713,135,277,0,0,0,0
2,HYG016,False,赤穂,兵庫県,34.7551,134.39,117,282,0,0,0,0
2,HYG017,False,龍野,兵庫県,34.8593,134.5445,121,279,0,0,0,0
2,HYG018,False,姫路,兵庫県,34.8143,134.687,123,280,0,0,0,0
2,HYG019,False,加古川,兵庫県,34.832,134.8236,126,280,0,0,0,0
2,HYG020,False,三木,兵庫県,34.7976,134.9899,130,281,0,0,0,0
2,HYG021,False,神戸,兵庫県,34.6898,135.1583,133,283,0,0,0,0
2,HYG022,False,西宮,兵庫県,34.7463,135.3499,137,282,0,0,0,0
2,HYG023,False,明石,兵庫県,34.6444,134.9999,127,283,0,0,0,0
2,HYG024,False,東浦,兵庫県,34.533,134.9904,130,287,0,0,0,0
2,HYG025,False,洲本,兵庫県,34.3405,134.9014,128,292,0,0,0,0
2,HYG026,False,五色,兵庫県,34.4149,134.7925,126,290,0,0,0,0
2,HYG027,False,南淡,兵庫県,34.2499,134.7292,124,294,0,0,0,0
2,IBR001,False,大子,茨城県,36.7761,140.3569,240,232,0,0,0,0
2,IBR002,False,高萩,茨城県,36.7061,140.7068,246,234,0,0,0,0
2,IBR003,False,日立,茨城県,36.5915,140.6453,245,237,0,0,0,0
2,IBR004,False,大宮,茨城県,36.5516,140.4102,240,238,0,0,0,0
2,IBR005,False,笠間,茨城県,36.3851,140.2372,236,242,0,0,0,0
2,IBR006,False,水戸,茨城県,36.369,140.4528,241,242,0,0,0,0
2,IBR007,False,那珂湊,茨城県,36.3523,140.5955,244,244,0,0,0,0
2,IBR008,False,下館,茨城県,36.3062,139.9828,231,244,0,0,0,0
2,IBR009,False,古河,茨城県,36.1848,139.7037,225,247,0,0,0,0
2,IBR010,False,下妻,茨城県,36.1843,139.9653,231,247,0,0,0,0
2,IBR011,False,つくば,茨城県,36.1251,140.0903,233,248,0,0,0,0
2,IBR012,False,石岡,茨城県,36.1901,140.2869,237,247,0,0,0,0
2,IBR013,False,鉾田,茨城県,36.1587,140.4892,241,247,0,0,0,0
2,IBR014,False,土浦,茨城県,36.0729,140.1947,235,249,0,0,0,0
2,IBR015,False,岩井,茨城県,36.0693,139.908,230,250,0,0,0,0
2,IBR016,False,取手,茨城県,35.9112,140.0494,232,253,0,0,0,0
2,IBR017,False,江戸崎,茨城県,35.9537,140.3194,238,252,0,0,0,0
2,IBR018,False,鹿嶋,茨城県,35.977,140.6322,244,252,0,0,0,0
2,IBR019,True,北茨城,茨城県,36.8808,140.6544,245,230,0,0,0,0
2,ISK001,True,大谷,石川県,37.4999,137.1764,174,214,0,0,0,0
2,ISK002,False,正院,石川県,37.4443,137.2877,176,216,0,0,0,0
2,ISK003,False,輪島,石川県,37.3919,136.9083,169,217,0,0,0,0
2,ISK004,False,能都,石川県,37.308,137.147,173,219,0,0,0,0
2,ISK005,False,穴水,石川県,37.2307,136.9039,168,221,0,0,0,0
2,ISK006,True,富来,石川県,37.1602,136.6897,164,223,0,0,0,0
2,ISK007,False,七尾,石川県,37.0427,136.9681,170,226,0,0,0,0
2,ISK008,True,羽咋,石川県,36.8918,136.7783,166,229,0,0,0,0
2,ISK009,False,七塚,石川県,36.7318,136.6989,164,233,0,0,0,0
2,ISK010,False,金沢,石川県,36.5419,136.6431,163,237,0,0,0,0
2,ISK011,False,小松,石川県,36.3967,136.4432,159,242,0,0,0,0
2,ISK012,True,鳥越,石川県,36.3575,136.6045,162,242,0,0,0,0
2,ISK013,True,白峰,石川県,36.1805,136.6247,160,249,0,0,0,0
2,ISK014,False,加賀,石川県,36.3028,136.3154,157,244,0,0,0,0
2,ISK015,True,大町,石川県,37.2265,136.9087,170,222,0,0,0,0
2,IWT001,False,種市,岩手県,40.4099,141.7191,267,143,0,0,0,0
2,IWT002,False,久慈,岩手県,40.1819,141.7641,267,149,0,0,0,0
2,IWT003,False,普代,岩手県,40.0083,141.8861,270,153,0,0,0,0
2,IWT004,False,田老,岩手県,39.7357,141.9671,272,160,0,0,0,0
2,IWT005,False,宮古,岩手県,39.6472,141.9464,271,162,0,0,0,0
2,IWT006,False,山田,岩手県,39.485,141.9748,273,166,0,0,0,0
2,IWT007,False,釜石,岩手県,39.2701,141.8561,269,171,0,0,0,0
2,IWT008,False,大船渡,岩手県,39.0815,141.7083,266,176,0,0,0,0
2,IWT009,False,大東,岩手県,39.0187,141.4031,260,177,0,0,0,0
2,IWT010,False,一関,岩手県,38.9346,141.1263,254,179,0,0,0,0
2,IWT011,False,水沢,岩手県,39.1454,141.152,255,174,0,0,0,0
2,IWT012,False,北上,岩手県,39.3209,141.1378,255,170,0,0,0,0
2,IWT013,False,遠野,岩手県,39.3291,141.5637,263,170,0,0,0,0
2,IWT014,False,石鳥谷,岩手県,39.4844,141.147,255,166,0,0,0,0
2,IWT015,False,川尻,岩手県,39.318,140.7792,247,170,0,0,0,0
2,IWT016,False,川井,岩手県,39.5997,141.6789,266,163,0,0,0,0
2,IWT017,False,門馬,岩手県,39.6336,141.4376,261,162,0,0,0,0
2,IWT018,False,盛岡,岩手県,39.6953,141.1478,255,161,0,0,0,0
2,IWT019,False,岩泉,岩手県,39.803,141.6584,265,158,0,0,0,0
2,IWT020,False,藪川,岩手県,39.7841,141.3295,258,158,0,0,0,0
2,IWT021,False,西根,岩手県,39.9203,141.082,254,155,0,0,0,0
2,IWT022,False,安代,岩手県,40.1011,141.0523,253,151,0,0,0,0
2,IWT023,False,葛巻,岩手県,40.0366,141.4502,261,152,0,0,0,0
2,IWT024,False,二戸,岩手県,40.2632,141.2901,257,147,0,0,0,0
2,IWT025,False,大志田,岩手県,39.5169,140.8301,248,165,0,0,0,0
2,IWT026,False,相去,岩手県,39.2569,141.0983,254,172,0,0,0,0
2,KGS001,False,東,鹿児島県,32.1947,130.1763,32,345,0,0,0,0
2,KGS002,False,出水,鹿児島県,32.0909,130.3532,35,347,0,0,0,0
2,KGS003,False,大口,鹿児島県,32.0559,130.5874,40,348,0,0,0,0
2,KGS004,False,阿久根,鹿児島県,32.0145,130.1927,32,348,0,0,0,0
2,KGS005,False,宮之城,鹿児島県,31.9006,130.4513,37,352,0,0,0,0
2,KGS006,False,横川,鹿児島県,31.906,130.7021,42,352,0,0,0,0
2,KGS007,False,川内,鹿児島県,31.8143,130.3032,34,354,0,0,0,0
2,KGS008,False,蒲生,鹿児島県,31.7621,130.5699,40,354,0,0,0,0
2,KGS009,True,国分,鹿児島県,31.7368,130.7613,43,356,0,0,0,0
2,KGS010,False,串木野,鹿児島県,31.7123,130.2735,34,357,0,0,0,0
2,KGS011,False,日吉,鹿児島県,31.5896,130.349,35,360,0,0,0,0
2,KGS012,False,鹿児島,鹿児島県,31.6057,130.574,40,359,0,0,0,0
2,KGS013,False,大隅,鹿児島県,31.5973,130.9938,48,358,0,0,0,0
2,KGS014,False,垂水,鹿児島県,31.496,130.6999,42,362,0,0,0,0
2,KGS015,False,大崎,鹿児島県,31.4304,131.011,49,363,0,0,0,0
2,KGS016,False,加世田,鹿児島県,31.4162,130.3225,35,364,0,0,0,0
2,KGS017,False,鹿屋,鹿児島県,31.3954,130.8702,47,364,0,0,0,0
2,KGS018,False,喜入,鹿児島県,31.3757,130.5449,39,365,0,0,0,0
2,KGS019,False,枕崎,鹿児島県,31.2776,130.3008,34,367,0,0,0,0
2,KGS020,False,頴娃,鹿児島県,31.2396,130.4915,38,368,0,0,0,0
2,KGS021,False,指宿,鹿児島県,31.2535,130.6324,41,367,0,0,0,0
2,KGS022,False,内之浦,鹿児島県,31.2804,131.0504,48,367,0,0,0,0
2,KGS023,False,田代,鹿児島県,31.199,130.849,45,369,0,0,0,0
2,KGS024,False,佐多,鹿児島県,31.0888,130.6982,42,372,0,0,0,0
2,KGS025,False,西之表,鹿児島県,30.7319,130.9977,48,381,0,0,0,0
2,KGS026,False,中種子,鹿児島県,30.5202,130.9543,47,386,0,0,0,0
2,KGS027,False,門倉崎,鹿児島県,30.3488,130.8829,46,390,0,0,0,0
2,KGS028,False,上屋久,鹿児島県,30.4204,130.5771,40,388,0,0,0,0
2,KGS029,False,屋久,鹿児島県,30.2363,130.5553,39,393,0,0,0,0
2,KGS030,False,笠利,鹿児島県,28.451,129.6784,146,88,0,0,0,0
2,KGS031,False,大和,鹿児島県,28.3555,129.3926,140,90,0,0,0,0
2,KGS032,False,瀬戸内,鹿児島県,28.1388,129.3206,138,96,0,0,0,0
2,KGS033,False,伊仙,鹿児島県,27.6882,128.9427,131,107,0,0,0,0
2,KGS034,False,知名,鹿児島県,27.334,128.5743,123,116,0,0,0,0
2,KGS035,False,与論,鹿児島県,27.0522,128.4241,120,122,0,0,0,0
2,KGS036,False,上甑,鹿児島県,31.836,129.8678,25,354,0,0,0,0
2,KGS037,False,下甑,鹿児島県,31.639,129.7078,22,358,0,0,0,0
2,KGW001,False,土庄,香川県,34.5452,134.2804,115,287,0,0,0,0
2,KGW002,False,内海,香川県,34.4727,134.3139,116,289,0,0,0,0
2,KGW003,False,丸亀,香川県,34.2652,133.7896,105,294,0,0,0,0
2,KGW004,False,高松,香川県,34.3473,134.0374,110,292,0,0,0,0
2,KGW005,False,観音寺,香川県,34.1138,133.6354,102,298,0,0,0,0
2,KGW006,False,長尾,香川県,34.2496,134.1856,113,294,0,0,0,0
2,KGW007,False,引田,香川県,34.2271,134.4009,118,295,0,0,0,0
2,KGW008,False,琴南,香川県,34.1644,133.9243,108,296,0,0,0,0
2,KMM001,False,小国,熊本県,33.1208,131.0687,50,322,0,0,0,0
2,KMM002,False,山鹿,熊本県,33.0185,130.6846,42,324,0,0,0,0
2,KMM003,False,玉名,熊本県,32.9336,130.5477,39,327,0,0,0,0
2,KMM004,True,一の宮,熊本県,32.932,131.1214,51,327,0,0,0,0
2,KMM005,False,大津,熊本県,32.8761,130.8774,46,328,0,0,0,0
2,KMM006,False,熊本,熊本県,32.7875,130.7696,43,330,0,0,0,0
2,KMM007,False,高森,熊本県,32.8267,131.1226,52,329,0,0,0,0
2,KMM008,False,宇土,熊本県,32.6878,130.6582,41,333,0,0,0,0
2,KMM009,True,矢部,熊本県,32.6856,130.9892,47,332,0,0,0,0
2,KMM010,False,三角,熊本県,32.6136,130.4874,37,334,0,0,0,0
2,KMM011,False,砥用,熊本県,32.6167,130.8652,46,334,0,0,0,0
2,KMM012,False,八代,熊本県,32.5078,130.6024,40,337,0,0,0,0
2,KMM013,False,田浦,熊本県,32.365,130.5099,38,341,0,0,0,0
2,KMM014,False,五木,熊本県,32.3961,130.8268,45,340,0,0,0,0
2,KMM015,False,水俣,熊本県,32.2161,130.4046,37,344,0,0,0,0
2,KMM016,False,人吉,熊本県,32.1966,130.7757,44,346,0,0,0,0
2,KMM017,False,多良木,熊本県,32.2561,130.9257,48,343,0,0,0,0
2,KMM018,False,龍ヶ岳,熊本県,32.3942,130.3885,36,340,0,0,0,0
2,KMM019,False,本渡,熊本県,32.4589,130.1938,32,338,0,0,0,0
2,KMM020,True,新和,熊本県,32.3636,130.1807,32,340,0,0,0,0
2,KMM021,False,天草,熊本県,32.3793,129.9997,28,340,0,0,0,0
2,KMM022,False,牛深,熊本県,32.1945,130.0265,28,345,0,0,0,0
2,KNG001,False,川崎,神奈川県,35.5291,139.7062,226,263,0,0,0,0
2,KNG002,False,横浜,神奈川県,35.4371,139.634,224,265,0,0,0,0
2,KNG003,False,横須賀,神奈川県,35.2727,139.6579,226,269,0,0,0,0
2,KNG004,True,三崎,神奈川県,35.1441,139.6218,224,272,0,0,0,0
2,KNG005,False,鎌倉,神奈川県,35.3192,139.5462,222,268,0,0,0,0
2,KNG006,False,二俣川,神奈川県,35.4544,139.5387,222,266,0,0,0,0
2,KNG007,False,藤沢,神奈川県,35.3385,139.4901,220,268,0,0,0,0
2,KNG008,False,相模原,神奈川県,35.5751,139.3265,218,262,0,0,0,0
2,KNG009,False,厚木,神奈川県,35.4424,139.3618,220,265,0,0,0,0
2,KNG010,False,平塚,神奈川県,35.3355,139.3504,218,268,0,0,0,0
2,KNG011,False,藤野,神奈川県,35.6154,139.1548,214,261,0,0,0,0
2,KNG012,False,秦野,神奈川県,35.3794,139.2048,216,267,0,0,0,0
2,KNG013,False,小田原,神奈川県,35.2641,139.152,214,269,0,0,0,0
2,KNG014,False,山北,神奈川県,35.3608,139.0826,212,268,0,0,0,0
2,KNG201,True,平塚ST1,その他,34.5956,139.9183,230,286,0,0,0,0
2,KNG202,True,平塚ST2,その他,34.7396,139.8393,228,282,0,0,0,0
2,KNG203,True,平塚ST3,その他,34.7983,139.6435,224,281,0,0,0,0
2,KNG204,True,平塚ST4,その他,34.8931,139.5711,223,278,0,0,0,0
2,KNG205,True,平塚ST5,その他,34.9413,139.4213,220,277,0,0,0,0
2,KNG206,True,平塚ST6,その他,35.0966,139.3778,219,273,0,0,0,0
2,KOC001,False,東洋,高知県,33.5275,134.2814,115,312,0,0,0,0
2,KOC002,False,室戸,高知県,33.2903,134.1681,113,318,0,0,0,0
2,KOC003,False,安芸,高知県,33.5014,133.9068,108,313,0,0,0,0
2,KOC004,False,物部,高知県,33.6975,133.8771,108,308,0,0,0,0
2,KOC005,False,土佐山田,高知県,33.5934,133.6921,103,310,0,0,0,0
2,KOC006,False,土佐,高知県,33.4945,133.4165,98,314,0,0,0,0
2,KOC007,False,高知,高知県,33.5611,133.5271,100,311,0,0,0,0
2,KOC008,False,本川,高知県,33.7758,133.3465,96,306,0,0,0,0
2,KOC009,False,吾川,高知県,33.5742,133.1718,93,311,0,0,0,0
2,KOC010,False,須崎,高知県,33.3925,133.2896,95,315,0,0,0,0
2,KOC011,True,檮原,高知県,33.3982,132.8962,87,315,0,0,0,0
2,KOC012,True,大正,高知県,33.1967,132.9758,89,320,0,0,0,0
2,KOC013,False,佐賀,高知県,33.0797,133.1015,91,323,0,0,0,0
2,KOC014,False,中村,高知県,32.9895,132.9377,88,325,0,0,0,0
2,KOC015,False,宿毛,高知県,32.937,132.7252,83,326,0,0,0,0
2,KOC016,False,土佐清水,高知県,32.7359,132.9754,90,331,0,0,0,0
2,KOC017,True,大豊,高知県,33.7691,133.6565,102,306,0,0,0,0
2,KYT001,False,丹後,京都府,35.7406,135.1022,132,258,0,0,0,0
2,KYT002,False,久美浜,京都府,35.6037,134.8941,128,261,0,0,0,0
2,KYT003,False,伊根,京都府,35.6767,135.2919,137,259,0,0,0,0
2,KYT004,False,宮津,京都府,35.5354,135.196,134,263,0,0,0,0
2,KYT005,False,舞鶴,京都府,35.4759,135.3891,138,264,0,0,0,0
2,KYT006,False,福知山,京都府,35.2759,135.1827,134,269,0,0,0,0
2,KYT007,True,芦生,京都府,35.3057,135.713,144,268,0,0,0,0
2,KYT008,False,本庄,京都府,35.2612,135.3966,138,269,0,0,0,0
2,KYT009,False,日吉,京都府,35.1637,135.5016,140,272,0,0,0,0
2,KYT010,True,大布施,京都府,35.2098,135.7738,145,271,0,0,0,0
2,KYT011,False,亀岡,京都府,35.017,135.5638,141,275,0,0,0,0
2,KYT012,False,京都,京都府,34.9962,135.8188,147,276,0,0,0,0
2,KYT013,False,宇治,京都府,34.8784,135.8047,147,279,0,0,0,0
2,KYT014,True,南山城,京都府,34.7732,135.9921,150,281,0,0,0,0
2,KYT015,False,広河原,京都府,35.2497,135.7667,145,270,0,0,0,0
2,MIE001,False,藤原,三重県,35.1718,136.4943,160,272,0,0,0,0
2,MIE002,False,菰野,三重県,35.0279,136.5073,160,274,0,0,0,0
2,MIE003,False,四日市,三重県,34.9704,136.6357,163,277,0,0,0,0
2,MIE004,True,亀山,三重県,34.8569,136.4493,159,279,0,0,0,0
2,MIE005,False,上野,三重県,34.7677,136.1151,152,282,0,0,0,0
2,MIE006,False,津,三重県,34.7178,136.5039,160,283,0,0,0,0
2,MIE007,False,白山,三重県,34.6435,136.3365,157,285,0,0,0,0
2,MIE008,False,名張,三重県,34.6285,136.1073,152,285,0,0,0,0
2,MIE009,False,松阪,三重県,34.5752,136.5296,162,286,0,0,0,0
2,MIE010,False,伊勢,三重県,34.4908,136.7334,165,288,0,0,0,0
2,MIE011,False,飯高,三重県,34.4283,136.3329,157,290,0,0,0,0
2,MIE012,False,志摩,三重県,34.2544,136.8232,167,294,0,0,0,0
2,MIE013,False,南島,三重県,34.2777,136.4996,160,294,0,0,0,0
2,MIE014,True,尾鷲,三重県,34.0638,136.1687,153,299,0,0,0,0
2,MIE015,False,熊野,三重県,33.8783,136.0822,152,303,0,0,0,0
2,MIE016,False,紀和,三重県,33.8764,135.9188,148,303,0,0,0,0
2,MIE017,True,宮川,三重県,34.3624,136.3348,157,291,0,0,0,0
2,MIE018,False,椿世,三重県,34.8702,136.4546,159,278,0,0,0,0
2,MYG001,False,気仙沼,宮城県,38.9015,141.5684,263,180,0,0,0,0
2,MYG002,False,歌津,宮城県,38.7262,141.5109,262,183,0,0,0,0
2,MYG003,False,東和,宮城県,38.7348,141.3106,258,185,0,0,0,0
2,MYG004,False,築館,宮城県,38.7324,141.0271,252,184,0,0,0,0
2,MYG005,False,鳴子,宮城県,38.7992,140.6507,245,183,0,0,0,0
2,MYG006,False,古川,宮城県,38.5801,140.9654,251,188,0,0,0,0
2,MYG007,False,豊里,宮城県,38.5876,141.251,257,188,0,0,0,0
2,MYG008,False,北上,宮城県,38.5676,141.4266,261,188,0,0,0,0
2,MYG009,False,大和,宮城県,38.4466,140.8874,250,191,0,0,0,0
2,MYG010,False,石巻,宮城県,38.4292,141.2818,258,192,0,0,0,0
2,MYG011,False,牡鹿,宮城県,38.3052,141.5044,262,195,0,0,0,0
2,MYG012,False,塩竈,宮城県,38.3175,141.0193,253,194,0,0,0,0
2,MYG013,False,仙台,宮城県,38.2663,140.9293,250,196,0,0,0,0
2,MYG014,False,作並,宮城県,38.3177,140.6357,244,194,0,0,0,0
2,MYG015,False,岩沼,宮城県,38.1049,140.8699,249,201,0,0,0,0
2,MYG016,False,白石,宮城県,38.0085,140.621,244,202,0,0,0,0
2,MYG017,False,角田,宮城県,37.9763,140.7818,247,203,0,0,0,0
2,MYG018,False,伊里前,宮城県,38.7194,141.5228,263,185,0,0,0,0
2,MYG019,False,鳴子温泉,宮城県,38.7508,140.7246,247,184,0,0,0,0
2,MYZ001,False,高千穂,宮崎県,32.705,131.3089,55,332,0,0,0,0
2,MYZ002,False,北川,宮崎県,32.6978,131.6831,62,332,0,0,0,0
2,MYZ003,False,延岡,宮崎県,32.5659,131.6598,62,336,0,0,0,0
2,MYZ004,False,南郷,宮崎県,32.3889,131.3339,55,339,0,0,0,0
2,MYZ005,False,日向,宮崎県,32.4281,131.6003,61,339,0,0,0,0
2,MYZ006,False,都農,宮崎県,32.2565,131.5609,60,343,0,0,0,0
2,MYZ007,True,西米良,宮崎県,32.2353,131.1158,51,344,0,0,0,0
2,MYZ008,False,西都,宮崎県,32.106,131.3928,56,347,0,0,0,0
2,MYZ009,False,えびの,宮崎県,32.0461,130.811,45,348,0,0,0,0
2,MYZ010,False,小林,宮崎県,31.9968,130.9721,48,350,0,0,0,0
2,MYZ011,True,綾,宮崎県,31.9951,131.2557,54,350,0,0,0,0
2,MYZ012,True,高崎,宮崎県,31.8723,131.0685,50,353,0,0,0,0
2,MYZ013,False,宮崎,宮崎県,31.9087,131.4187,57,352,0,0,0,0
2,MYZ014,False,田野,宮崎県,31.8454,131.3026,55,353,0,0,0,0
2,MYZ015,False,都城,宮崎県,31.7185,131.0621,50,356,0,0,0,0
2,MYZ016,False,日南,宮崎県,31.6129,131.3743,57,359,0,0,0,0
2,MYZ017,False,串間,宮崎県,31.4637,131.2277,53,363,0,0,0,0
2,MYZ018,False,都井岬,宮崎県,31.3985,131.3052,55,364,0,0,0,0
2,MYZ019,True,北郷,宮崎県,32.5006,131.4444,57,337,0,0,0,0
2,MYZ020,True,椎葉,宮崎県,32.455,131.147,51,338,0,0,0,0
2,NAR001,False,生駒,奈良県,34.7154,135.7272,145,283,0,0,0,0
2,NAR002,False,奈良,奈良県,34.6683,135.8352,147,284,0,0,0,0
2,NAR003,False,大和高田,奈良県,34.5169,135.7191,145,288,0,0,0,0
2,NAR004,False,榛原,奈良県,34.528,135.9512,149,287,0,0,0,0
2,NAR005,False,五條,奈良県,34.3408,135.6883,144,292,0,0,0,0
2,NAR006,True,川上,奈良県,34.3383,135.9541,149,292,0,0,0,0
2,NAR007,True,大塔,奈良県,34.2213,135.7369,145,295,0,0,0,0
2,NAR008,True,上北山,奈良県,34.1352,136.0046,150,297,0,0,0,0
2,NAR009,True,十津川,奈良県,33.938,135.7552,145,302,0,0,0,0
2,NGN001,False,飯山,長野県,36.8514,138.366,198,230,0,0,0,0
2,NGN002,False,信濃,長野県,36.8069,138.2069,195,232,0,0,0,0
2,NGN003,False,山ノ内,長野県,36.7403,138.4129,200,233,0,0,0,0
2,NGN004,False,長野,長野県,36.6486,138.1938,195,235,0,0,0,0
2,NGN005,False,白馬,長野県,36.6981,137.8544,188,234,0,0,0,0
2,NGN006,False,大町,長野県,36.5086,137.8507,188,239,0,0,0,0
2,NGN007,False,杭瀬下,長野県,36.5339,138.1191,194,238,0,0,0,0
2,NGN008,False,上田,長野県,36.4022,138.2491,196,241,0,0,0,0
2,NGN009,False,穂高,長野県,36.3378,137.8694,188,243,0,0,0,0
2,NGN010,False,小諸,長野県,36.3281,138.4357,199,243,0,0,0,0
2,NGN011,False,長門,長野県,36.2564,138.2669,196,245,0,0,0,0
2,NGN012,False,松本,長野県,36.2564,137.9785,190,245,0,0,0,0
2,NGN013,False,安曇,長野県,36.1833,137.7852,186,247,0,0,0,0
2,NGN014,False,小海,長野県,36.0956,138.4844,200,249,0,0,0,0
2,NGN015,False,諏訪,長野県,36.0454,138.1116,193,250,0,0,0,0
2,NGN016,False,富士見,長野県,35.9133,138.2229,195,253,0,0,0,0
2,NGN017,False,楢川,長野県,35.9748,137.8255,188,253,0,0,0,0
2,NGN018,False,王滝,長野県,35.8132,137.5295,181,256,0,0,0,0
2,NGN019,False,木曽福島,長野県,35.8562,137.7078,185,254,0,0,0,0
2,NGN020,True,伊那,長野県,35.8282,137.9532,190,255,0,0,0,0
2,NGN021,False,駒ヶ根,長野県,35.7304,137.9341,189,258,0,0,0,0
2,NGN022,False,南木曽,長野県,35.6079,137.6125,183,261,0,0,0,0
2,NGN023,False,大鹿,長野県,35.5787,138.0338,192,262,0,0,0,0
2,NGN024,False,飯田,長野県,35.5232,137.8374,187,263,0,0,0,0
2,NGN025,False,天龍,長野県,35.2807,137.8567,187,269,0,0,0,0
2,NGS001,False,平戸,長崎県,33.3616,129.5383,19,316,0,0,0,0
2,NGS002,True,松浦,長崎県,33.3444,129.7054,22,316,0,0,0,0
2,NGS003,False,志々伎,長崎県,33.2016,129.4128,16,320,0,0,0,0
2,NGS004,False,佐世保,長崎県,33.1808,129.7177,21,321,0,0,0,0
2,NGS005,False,東彼杵,長崎県,33.0371,129.9171,26,324,0,0,0,0
2,NGS006,False,大瀬戸,長崎県,32.9327,129.6428,21,327,0,0,0,0
2,NGS007,True,琴海,長崎県,32.9061,129.7802,24,327,0,0,0,0
2,NGS008,True,小長井,長崎県,32.9231,130.1843,32,327,0,0,0,0
2,NGS009,False,諫早,長崎県,32.8456,130.0218,28,329,0,0,0,0
2,NGS010,True,長崎,長崎県,32.7353,129.8763,25,330,0,0,0,0
2,NGS011,False,千々石,長崎県,32.7839,130.2024,32,330,0,0,0,0
2,NGS012,False,島原,長崎県,32.7884,130.3463,35,330,0,0,0,0
2,NGS013,True,野母崎,長崎県,32.5811,129.7596,23,335,0,0,0,0
2,NGS014,False,口之津,長崎県,32.6106,130.1849,32,335,0,0,0,0
2,NGS015,False,宇久,長崎県,33.2558,129.1255,10,319,0,0,0,0
2,NGS016,False,若松,長崎県,32.888,129.0211,8,328,0,0,0,0
2,NGS017,False,福江,長崎県,32.6658,128.8433,4,333,0,0,0,0
2,NGS018,True,玉之浦,長崎県,32.6341,128.6194,0,334,0,0,0,0
2,NGS019,False,大村,長崎県,32.9002,129.9582,27,327,0,0,0,0
2,NGS020,False,上対馬,長崎県,34.6609,129.4594,17,284,0,0,0,0
2,NGS021,False,豊玉,長崎県,34.3973,129.324,14,291,0,0,0,0
2,NGS022,False,国分,長崎県,34.2029,129.2868,14,295,0,0,0,0
2,NGS023,False,郷ノ浦,長崎県,33.7502,129.6899,22,307,0,0,0,0
2,NIG001,False,岩谷口,新潟県,38.2584,138.4337,200,196,0,0,0,0
2,NIG002,False,両津,新潟県,38.0745,138.4398,200,200,0,0,0,0
2,NIG003,False,佐和田,新潟県,37.9976,138.3226,197,202,0,0,0,0
2,NIG004,False,小木,新潟県,37.8205,138.2795,196,207,0,0,0,0
2,NIG005,False,松ヶ崎,新潟県,37.9204,138.4981,201,204,0,0,0,0
2,NIG006,False,寒川,新潟県,38.4501,139.4961,221,191,0,0,0,0
2,NIG007,False,村上,新潟県,38.2301,139.4864,221,197,0,0,0,0
2,NIG008,False,中条,新潟県,38.053,139.4055,219,201,0,0,0,0
2,NIG009,False,新発田,新潟県,37.9507,139.3375,219,203,0,0,0,0
2,NIG010,False,新潟,新潟県,37.9146,139.0108,211,204,0,0,0,0
2,NIG011,False,新津,新潟県,37.8013,139.1442,214,207,0,0,0,0
2,NIG012,False,鹿瀬,新潟県,37.6863,139.4772,221,210,0,0,0,0
2,NIG013,False,巻,新潟県,37.7638,138.8834,209,208,0,0,0,0
2,NIG014,False,三条,新潟県,37.641,138.9559,210,211,0,0,0,0
2,NIG015,False,村松,新潟県,37.6935,139.1886,214,210,0,0,0,0
2,NIG016,False,寺泊,新潟県,37.6421,138.7676,207,211,0,0,0,0
2,NIG017,False,長岡,新潟県,37.4416,138.8431,207,216,0,0,0,0
2,NIG018,False,柏崎,新潟県,37.3724,138.5579,202,218,0,0,0,0
2,NIG019,False,小千谷,新潟県,37.3043,138.8121,207,219,0,0,0,0
2,NIG020,False,小出,新潟県,37.2332,138.962,209,221,0,0,0,0
2,NIG021,True,十日町,新潟県,37.2012,138.7782,208,223,0,0,0,0
2,NIG022,False,塩沢,新潟県,37.0364,138.8462,208,226,0,0,0,0
2,NIG023,False,津南,新潟県,37.0147,138.6529,204,226,0,0,0,0
2,NIG024,False,安塚,新潟県,37.1268,138.444,200,223,0,0,0,0
2,NIG025,False,直江津,新潟県,37.1607,138.2235,195,223,0,0,0,0
2,NIG026,False,新井,新潟県,37.0228,138.2507,196,226,0,0,0,0
2,NIG027,False,糸魚川,新潟県,37.0235,137.8624,188,226,0,0,0,0
2,NIG028,True,長岡支所,新潟県,37.4261,138.8862,209,215,0,0,0,0
2,OIT001,True,国見,大分県,33.6783,131.5936,60,308,0,0,0,0
2,OIT002,False,中津,大分県,33.5685,131.2678,54,311,0,0,0,0
2,OIT003,True,豊後高田,大分県,33.5575,131.4461,57,311,0,0,0,0
2,OIT004,True,国東,大分県,33.5666,131.7378,63,311,0,0,0,0
2,OIT005,True,耶馬渓,大分県,33.4549,131.1142,51,314,0,0,0,0
2,OIT006,True,院内,大分県,33.4244,131.3148,55,314,0,0,0,0
2,OIT007,False,杵築,大分県,33.4152,131.6148,61,315,0,0,0,0
2,OIT008,True,天瀬,大分県,33.2555,131.0203,49,319,0,0,0,0
2,OIT009,False,湯布院,大分県,33.2569,131.3439,55,319,0,0,0,0
2,OIT010,False,大分,大分県,33.2478,131.6103,61,319,0,0,0,0
2,OIT011,False,佐賀関,大分県,33.2461,131.8811,66,319,0,0,0,0
2,OIT012,False,直入,大分県,33.0664,131.3734,56,323,0,0,0,0
2,OIT013,False,犬飼,大分県,33.0726,131.5934,60,323,0,0,0,0
2,OIT014,False,津久見,大分県,33.0656,131.8589,66,323,0,0,0,0
2,OIT015,False,竹田,大分県,32.9722,131.397,56,326,0,0,0,0
2,OIT016,False,佐伯,大分県,32.9747,131.9028,68,326,0,0,0,0
2,OIT017,True,宇目,大分県,32.8578,131.6587,62,328,0,0,0,0
2,OIT018,False,蒲江,大分県,32.7972,131.9251,67,330,0,0,0,0
2,OKN001,False,国頭,沖縄県,26.7402,128.1736,115,130,0,0,0,0
2,OKN002,False,名護,沖縄県,26.5916,127.9767,111,134,0,0,0,0
2,OKN003,False,具志川,沖縄県,26.38,127.8572,109,139,0,0,0,0
2,OKN004,False,那覇,沖縄県,26.2497,127.6786,105,142,0,0,0,0
2,OKN005,False,知念,沖縄県,26.1686,127.8267,108,144,0,0,0,0
2,OKN006,False,久米島,沖縄県,26.3497,126.7479,86,140,0,0,0,0
2,OKN007,True,狩俣,沖縄県,24.853,125.2964,56,176,0,0,0,0
2,OKN008,False,城辺,沖縄県,24.7558,125.3864,58,179,0,0,0,0
2,OKN009,False,新栄,沖縄県,24.3413,124.1526,33,189,0,0,0,0
2,OKN010,False,伊原間,沖縄県,24.5088,124.282,36,185,0,0,0,0
2,OKN011,False,上原,沖縄県,24.4324,123.7798,26,187,0,0,0,0
2,OKY001,False,湯原,岡山県,35.1945,133.7314,104,271,0,0,0,0
2,OKY002,True,加茂,岡山県,35.1787,134.05,110,271,0,0,0,0
2,OKY003,False,西粟倉,岡山県,35.1737,134.3386,116,271,0,0,0,0
2,OKY004,False,新見,岡山県,34.9579,133.5018,99,277,0,0,0,0
2,OKY005,False,落合,岡山県,35.0098,133.7317,104,276,0,0,0,0
2,OKY006,False,津山,岡山県,35.0684,134.005,110,274,0,0,0,0
2,OKY007,False,高梁,岡山県,34.7807,133.6121,101,281,0,0,0,0
2,OKY008,False,建部,岡山県,34.8701,133.9036,107,279,0,0,0,0
2,OKY009,False,吉井,岡山県,34.9176,134.0923,111,278,0,0,0,0
2,OKY010,False,備前,岡山県,34.7454,134.1884,112,284,0,0,0,0
2,OKY011,False,岡山,岡山県,34.654,133.9067,108,284,0,0,0,0
2,OKY012,False,倉敷,岡山県,34.5893,133.7545,105,286,0,0,0,0
2,OKY013,False,笠岡,岡山県,34.5095,133.5099,100,288,0,0,0,0
2,OKY014,False,下津井,岡山県,34.4462,133.7876,105,289,0,0,0,0
2,OKY015,False,上斎原,岡山県,35.2793,133.9256,108,269,0,0,0,0
2,OSK001,False,能勢,大阪府,34.9707,135.39,138,277,0,0,0,0
2,OSK002,False,高槻,大阪府,34.8573,135.5958,142,279,0,0,0,0
2,OSK003,False,豊中,大阪府,34.7668,135.4683,139,281,0,0,0,0
2,OSK004,False,四條畷,大阪府,34.7405,135.6394,142,282,0,0,0,0
2,OSK005,True,大阪,大阪府,34.7255,135.5099,141,283,0,0,0,0
2,OSK006,False,堺,大阪府,34.5894,135.471,139,286,0,0,0,0
2,OSK007,False,羽曳野,大阪府,34.5577,135.6058,141,287,0,0,0,0
2,OSK008,False,岸和田,大阪府,34.4402,135.3917,138,290,0,0,0,0
2,OSK009,False,河内長野,大阪府,34.4366,135.5816,142,290,0,0,0,0
2,OSK010,False,泉南,大阪府,34.3755,135.2549,135,291,0,0,0,0
2,SAG001,False,鎮西,佐賀県,33.5274,129.8771,26,314,0,0,0,0
2,SAG002,False,唐津,佐賀県,33.4247,129.9195,26,316,0,0,0,0
2,SAG003,False,富士,佐賀県,33.373,130.2074,32,316,0,0,0,0
2,SAG004,False,伊万里,佐賀県,33.2646,129.8813,26,318,0,0,0,0
2,SAG005,False,厳木,佐賀県,33.3213,130.0643,29,317,0,0,0,0
2,SAG006,False,武雄,佐賀県,33.1916,130.034,28,320,0,0,0,0
2,SAG007,False,佐賀,佐賀県,33.2627,130.3004,34,319,0,0,0,0
2,SAG008,False,鹿島,佐賀県,33.1038,130.0996,30,322,0,0,0,0
2,SIG001,False,余呉,滋賀県,35.5398,136.2065,154,263,0,0,0,0
2,SIG002,False,今津,滋賀県,35.4215,136.0243,151,266,0,0,0,0
2,SIG003,False,長浜,滋賀県,35.377,136.264,156,267,0,0,0,0
2,SIG004,True,朽木,滋賀県,35.3476,135.9184,148,267,0,0,0,0
2,SIG005,False,彦根,滋賀県,35.2493,136.2421,155,270,0,0,0,0
2,SIG006,True,志賀,滋賀県,35.2001,135.921,148,271,0,0,0,0
2,SIG007,False,近江八幡,滋賀県,35.1339,136.0957,152,273,0,0,0,0
2,SIG008,True,永源寺,滋賀県,35.0701,136.2946,156,274,0,0,0,0
2,SIG009,False,甲西,滋賀県,35.0051,136.0854,152,276,0,0,0,0
2,SIG010,False,大津,滋賀県,34.9718,135.8965,148,277,0,0,0,0
2,SIG011,False,信楽,滋賀県,34.8779,136.0587,151,279,0,0,0,0
2,SIG012,True,甲賀,滋賀県,34.9043,136.2307,155,278,0,0,0,0
2,SIT001,False,本庄,埼玉県,36.2428,139.1937,215,246,0,0,0,0
2,SIT002,False,熊谷,埼玉県,36.1476,139.3884,219,248,0,0,0,0
2,SIT003,False,久喜,埼玉県,36.072,139.6968,225,250,0,0,0,0
2,SIT004,False,長瀞,埼玉県,36.1179,139.1045,214,248,0,0,0,0
2,SIT005,True,小川,埼玉県,36.0562,139.2626,216,250,0,0,0,0
2,SIT006,False,秩父,埼玉県,35.9954,139.0709,212,252,0,0,0,0
2,SIT007,False,東松山,埼玉県,36.054,139.3912,218,250,0,0,0,0
2,SIT008,True,春日部,埼玉県,35.9745,139.7526,227,251,0,0,0,0
2,SIT009,False,川越,埼玉県,35.9034,139.4826,221,254,0,0,0,0
2,SIT010,False,大宮,埼玉県,35.9065,139.6481,224,254,0,0,0,0
2,SIT011,False,川口,埼玉県,35.8098,139.7212,226,256,0,0,0,0
2,SIT012,True,飯能,埼玉県,35.8401,139.3215,218,256,0,0,0,0
2,SIT013,False,所沢,埼玉県,35.7965,139.4659,220,256,0,0,0,0
2,SIT014,False,中津川,埼玉県,35.9954,138.801,207,251,0,0,0,0
2,SMN001,True,美保関,島根県,35.5372,133.1612,92,263,0,0,0,0
2,SMN002,False,松江,島根県,35.4714,133.0682,91,264,0,0,0,0
2,SMN003,False,横田,島根県,35.1795,133.0929,91,271,0,0,0,0
2,SMN004,False,木次,島根県,35.2881,132.9004,87,269,0,0,0,0
2,SMN005,False,出雲,島根県,35.3611,132.7449,84,267,0,0,0,0
2,SMN006,False,大田,島根県,35.1942,132.4978,79,271,0,0,0,0
2,SMN007,False,邑智,島根県,35.0807,132.5914,81,274,0,0,0,0
2,SMN008,True,瑞穂,島根県,34.8523,132.5308,79,279,0,0,0,0
2,SMN009,False,江津,島根県,35.0112,132.2227,73,276,0,0,0,0
2,SMN010,False,浜田,島根県,34.887,132.0783,70,279,0,0,0,0
2,SMN011,False,匹見,島根県,34.5718,132.0141,69,286,0,0,0,0
2,SMN012,False,六日市,島根県,34.3529,131.9352,67,292,0,0,0,0
2,SMN013,False,益田,島根県,34.669,131.8458,66,284,0,0,0,0
2,SMN014,False,津和野,島根県,34.4668,131.7752,64,289,0,0,0,0
2,SMN015,False,広瀬,島根県,35.3644,133.1704,92,267,0,0,0,0
2,SMN016,True,掛合,島根県,35.1957,132.8146,85,270,0,0,0,0
2,SMN017,True,西ノ島,島根県,36.0933,132.984,89,249,0,0,0,0
2,SMN018,False,都万,島根県,36.1925,133.2331,94,247,0,0,0,0
2,SMN019,False,布施,島根県,36.2932,133.3561,96,244,0,0,0,0
2,SMN020,True,下宇部尾,島根県,35.5347,133.1652,92,263,0,0,0,0
2,SZO001,False,熱海,静岡県,35.1424,139.0795,213,272,0,0,0,0
2,SZO002,False,伊東,静岡県,34.9652,139.1031,213,277,0,0,0,0
2,SZO003,False,東伊豆,静岡県,34.8158,139.0546,212,280,0,0,0,0
2,SZO004,False,南伊豆,静岡県,34.6469,138.8194,206,285,0,0,0,0
2,SZO005,False,松崎,静岡県,34.7549,138.7841,206,283,0,0,0,0
2,SZO006,False,土肥,静岡県,34.9113,138.7941,207,278,0,0,0,0
2,SZO007,False,修善寺,静岡県,34.9771,138.9466,211,276,0,0,0,0
2,SZO008,False,沼津,静岡県,35.096,138.8657,208,273,0,0,0,0
2,SZO009,False,裾野,静岡県,35.1971,138.9127,209,271,0,0,0,0
2,SZO010,False,御殿場,静岡県,35.3091,138.9349,209,268,0,0,0,0
2,SZO011,False,富士宮,静岡県,35.2128,138.6016,204,271,0,0,0,0
2,SZO012,False,蒲原,静岡県,35.1271,138.6213,203,273,0,0,0,0
2,SZO013,False,清水,静岡県,35.041,138.476,201,274,0,0,0,0
2,SZO014,False,静岡,静岡県,34.9649,138.3735,198,277,0,0,0,0
2,SZO015,False,梅ヶ島,静岡県,35.2435,138.3407,198,270,0,0,0,0
2,SZO016,False,焼津,静岡県,34.8566,138.3113,197,279,0,0,0,0
2,SZO017,False,浜岡,静岡県,34.6374,138.1281,193,285,0,0,0,0
2,SZO018,False,榛原,静岡県,34.7402,138.2241,195,282,0,0,0,0
2,SZO019,False,掛川,静岡県,34.7699,137.9981,191,282,0,0,0,0
2,SZO020,False,川根,静岡県,34.9394,138.076,194,276,0,0,0,0
2,SZO021,False,本川根,静岡県,35.0969,138.1332,194,273,0,0,0,0
2,SZO022,False,佐久間,静岡県,35.0916,137.8136,187,274,0,0,0,0
2,SZO023,False,天竜,静岡県,34.8738,137.8164,187,279,0,0,0,0
2,SZO024,False,浜松,静岡県,34.7102,137.7197,184,283,0,0,0,0
2,SZO025,False,湖西,静岡県,34.7194,137.5314,180,283,0,0,0,0
2,SZO026,False,春野,静岡県,34.9816,137.8975,190,275,0,0,0,0
2,SZO027,False,西伊豆,静岡県,34.7903,138.8008,208,281,0,0,0,0
2,SZO028,False,川奈,静岡県,34.9524,139.1378,215,277,0,0,0,0
2,TCG001,False,黒磯,栃木県,36.9417,140.0828,232,228,0,0,0,0
2,TCG002,False,塩原,栃木県,36.99,139.8033,228,227,0,0,0,0
2,TCG003,False,藤原,栃木県,36.8144,139.7153,226,231,0,0,0,0
2,TCG004,False,湯元,栃木県,36.8061,139.4204,220,231,0,0,0,0
2,TCG005,True,矢板,栃木県,36.8061,139.9264,230,232,0,0,0,0
2,TCG006,False,小川,栃木県,36.7639,140.1297,233,233,0,0,0,0
2,TCG007,False,宇都宮,栃木県,36.5692,139.8861,229,236,0,0,0,0
2,TCG008,False,鹿沼,栃木県,36.56,139.7675,227,238,0,0,0,0
2,TCG009,False,今市,栃木県,36.7258,139.7155,225,234,0,0,0,0
2,TCG010,False,足尾,栃木県,36.6347,139.4376,220,236,0,0,0,0
2,TCG011,False,葛生,栃木県,36.3867,139.6145,224,242,0,0,0,0
2,TCG012,False,小山,栃木県,36.2859,139.8047,228,244,0,0,0,0
2,TCG013,False,真岡,栃木県,36.4368,140.0225,232,241,0,0,0,0
2,TCG014,False,茂木,栃木県,36.545,140.1742,235,238,0,0,0,0
2,TCG015,True,芹沼,栃木県,36.7489,139.7144,226,233,0,0,0,0
2,TCG016,False,北高岡,栃木県,36.5287,140.1557,235,238,0,0,0,0
2,TKS001,False,鳴門,徳島県,34.203,134.6098,122,295,0,0,0,0
2,TKS002,False,徳島,徳島県,34.0438,134.582,121,299,0,0,0,0
2,TKS003,True,阿南,徳島県,33.8716,134.6039,122,303,0,0,0,0
2,TKS004,False,由岐,徳島県,33.7749,134.5914,122,306,0,0,0,0
2,TKS005,True,上勝,徳島県,33.8788,134.3889,117,303,0,0,0,0
2,TKS006,False,牟岐,徳島県,33.6692,134.4192,118,309,0,0,0,0
2,TKS007,False,市場,徳島県,34.0905,134.285,115,298,0,0,0,0
2,TKS008,True,木屋平,徳島県,33.9344,134.212,114,302,0,0,0,0
2,TKS009,True,木頭,徳島県,33.7719,134.1995,113,306,0,0,0,0
2,TKS010,False,貞光,徳島県,34.038,134.0614,111,299,0,0,0,0
2,TKS011,True,東祖谷山,徳島県,33.8746,133.9218,108,303,0,0,0,0
2,TKS012,False,池田,徳島県,34.0319,133.809,105,300,0,0,0,0
2,TKY001,False,氷川,東京都,35.8029,139.0956,213,256,0,0,0,0
2,TKY002,False,桧原,東京都,35.7304,139.1454,214,258,0,0,0,0
2,TKY003,False,青梅,東京都,35.7968,139.2912,217,257,0,0,0,0
2,TKY004,False,八王子,東京都,35.6282,139.4034,219,260,0,0,0,0
2,TKY005,False,町田,東京都,35.5798,139.4137,220,262,0,0,0,0
2,TKY006,False,小金井,東京都,35.699,139.5029,221,258,0,0,0,0
2,TKY007,False,新宿,東京都,35.7107,139.6859,225,258,0,0,0,0
2,TKY008,False,岡田,東京都,34.7852,139.3909,219,281,0,0,0,0
2,TKY009,False,波浮港,東京都,34.6874,139.4412,220,284,0,0,0,0
2,TKY010,False,新島,東京都,34.3779,139.2573,216,291,0,0,0,0
2,TKY011,True,神着,東京都,34.1228,139.5315,222,297,0,0,0,0
2,TKY012,False,八丈,東京都,33.1194,139.7987,227,322,0,0,0,0
2,TKY013,False,砂町,東京都,35.6596,139.8343,225,260,0,0,0,0
2,TKY014,True,亀戸,東京都,35.689,139.8354,228,259,0,0,0,0
2,TKY015,False,東白鬚,東京都,35.7313,139.8121,228,258,0,0,0,0
2,TKY016,False,東雲,東京都,35.6485,139.799,227,261,0,0,0,0
2,TKY017,False,辰巳,東京都,35.6474,139.8093,228,260,0,0,0,0
2,TKY018,False,八枝,東京都,35.6551,139.8115,228,259,0,0,0,0
2,TKY019,False,豊洲,東京都,35.6538,139.7948,226,260,0,0,0,0
2,TKY020,False,塩浜,東京都,35.6657,139.8087,228,259,0,0,0,0
2,TKY021,False,猿江,東京都,35.6876,139.8193,228,260,0,0,0,0
2,TKY022,True,横網,東京都,35.6874,139.7962,227,259,0,0,0,0
2,TKY023,True,八広,東京都,35.7254,139.8249,227,258,0,0,0,0
2,TKY024,True,奥戸,東京都,35.7401,139.8624,230,258,0,0,0,0
2,TKY025,True,篠崎,東京都,35.7138,139.8971,229,258,0,0,0,0
2,TKY026,True,宇喜田,東京都,35.6704,139.8635,229,259,0,0,0,0
2,TKY027,True,瑞江,東京都,35.6926,139.8912,231,260,0,0,0,0
2,TKY028,True,越中島,東京都,35.6685,139.7893,227,260,0,0,0,0
2,TKY029,False,三宅,東京都,34.0745,139.4793,221,299,0,0,0,0
2,TTR001,False,若桜,鳥取県,35.3415,134.3975,118,268,0,0,0,0
2,TTR002,True,鳥取,鳥取県,35.4853,134.2198,114,264,0,0,0,0
2,TTR003,False,用瀬,鳥取県,35.3432,134.2075,114,267,0,0,0,0
2,TTR004,False,鹿野,鳥取県,35.4606,134.0548,111,265,0,0,0,0
2,TTR005,False,倉吉,鳥取県,35.429,133.8253,106,265,0,0,0,0
2,TTR006,False,赤碕,鳥取県,35.5106,133.6303,102,262,0,0,0,0
2,TTR007,False,江府,鳥取県,35.2826,133.4876,99,269,0,0,0,0
2,TTR008,False,米子,鳥取県,35.4258,133.3301,96,265,0,0,0,0
2,TTR009,False,日南,鳥取県,35.1708,133.3113,95,272,0,0,0,0
2,TYM001,False,境,富山県,36.976,137.6257,183,227,0,0,0,0
2,TYM002,False,氷見,富山県,36.866,136.9747,171,230,0,0,0,0
2,TYM003,False,魚津,富山県,36.8163,137.4192,179,230,0,0,0,0
2,TYM004,False,宇奈月,富山県,36.8624,137.5274,181,230,0,0,0,0
2,TYM005,False,新湊,富山県,36.7824,137.0803,172,232,0,0,0,0
2,TYM006,False,小矢部,富山県,36.6716,136.897,168,235,0,0,0,0
2,TYM007,False,富山,富山県,36.6687,137.2123,174,235,0,0,0,0
2,TYM008,False,大山,富山県,36.6086,137.2831,176,236,0,0,0,0
2,TYM009,False,八尾,富山県,36.5864,137.1406,172,237,0,0,0,0
2,TYM010,False,福光,富山県,36.56,136.8872,168,238,0,0,0,0
2,TYM011,False,芦弁,富山県,36.5781,137.385,178,237,0,0,0,0
2,TYM012,False,利賀,富山県,36.4411,137.0353,171,240,0,0,0,0
2,WKY001,False,和歌山,和歌山県,34.2288,135.1694,133,295,0,0,0,0
2,WKY002,True,那賀,和歌山県,34.2755,135.4305,139,295,0,0,0,0
2,WKY003,False,有田,和歌山県,34.0996,135.116,132,298,0,0,0,0
2,WKY004,False,清水,和歌山県,34.0841,135.4309,139,298,0,0,0,0
2,WKY005,False,龍神,和歌山県,33.8938,135.4883,140,303,0,0,0,0
2,WKY006,False,御坊,和歌山県,33.8908,135.1524,133,303,0,0,0,0
2,WKY007,False,本宮,和歌山県,33.8375,135.7735,146,304,0,0,0,0
2,WKY008,False,田辺,和歌山県,33.7289,135.3772,137,307,0,0,0,0
2,WKY009,False,新宮,和歌山県,33.7209,135.9813,150,308,0,0,0,0
2,WKY010,True,すさみ,和歌山県,33.5503,135.4972,141,309,0,0,0,0
2,WKY011,False,太地,和歌山県,33.5947,135.946,149,310,0,0,0,0
2,WKY012,False,串本,和歌山県,33.472,135.7835,146,313,0,0,0,0
2,WKY013,False,高野,和歌山県,34.216,135.586,142,295,0,0,0,0
2,WKY014,True,木守,和歌山県,33.7053,135.6397,143,308,0,0,0,0
2,YMG001,False,須佐,山口県,34.6173,131.6019,60,285,0,0,0,0
2,YMG002,False,萩,山口県,34.4073,131.3987,56,289,0,0,0,0
2,YMG003,True,生雲中,山口県,34.3829,131.6002,61,291,0,0,0,0
2,YMG004,True,長門,山口県,34.3709,131.182,52,291,0,0,0,0
2,YMG005,False,豊北,山口県,34.2904,130.9484,47,293,0,0,0,0
2,YMG006,False,豊浦,山口県,34.149,130.9298,47,297,0,0,0,0
2,YMG007,False,美祢,山口県,34.1657,131.2064,53,296,0,0,0,0
2,YMG008,False,山口,山口県,34.0121,131.4042,57,300,0,0,0,0
2,YMG009,False,鹿野,山口県,34.2319,131.8169,65,295,0,0,0,0
2,YMG010,True,美川,山口県,34.2304,131.9822,68,295,0,0,0,0
2,YMG011,False,下関,山口県,34.0643,131.0214,49,300,0,0,0,0
2,YMG012,False,宇部,山口県,33.9941,131.2181,52,301,0,0,0,0
2,YMG013,False,防府,山口県,34.031,131.5348,59,301,0,0,0,0
2,YMG014,False,徳山,山口県,34.0544,131.8077,65,299,0,0,0,0
2,YMG015,False,玖珂,山口県,34.0966,132.0758,70,298,0,0,0,0
2,YMG016,False,岩国,山口県,34.1699,132.1766,73,296,0,0,0,0
2,YMG017,False,柳井,山口県,33.9649,132.1011,72,301,0,0,0,0
2,YMG018,False,東和,山口県,33.9091,132.3561,75,303,0,0,0,0
2,YMG019,True,上関,山口県,33.8455,132.1204,71,304,0,0,0,0
2,YMN001,False,丹波山,山梨県,35.7895,138.9198,209,256,0,0,0,0
2,YMN002,False,大月,山梨県,35.6132,138.947,210,261,0,0,0,0
2,YMN003,False,富士吉田,山梨県,35.4648,138.813,207,264,0,0,0,0
2,YMN004,False,塩山,山梨県,35.702,138.7266,206,259,0,0,0,0
2,YMN005,False,甲府,山梨県,35.6548,138.5677,202,260,0,0,0,0
2,YMN006,False,本栖,山梨県,35.4684,138.6069,203,264,0,0,0,0
2,YMN007,False,南部,山梨県,35.2791,138.4649,200,269,0,0,0,0
2,YMN008,False,早川,山梨県,35.432,138.3321,198,265,0,0,0,0
2,YMN009,False,六郷,山梨県,35.4965,138.4627,200,264,0,0,0,0
2,YMN010,False,須玉,山梨県,35.7918,138.4096,199,256,0,0,0,0
2,YMN011,False,芦安,山梨県,35.6382,138.3835,199,260,0,0,0,0
2,YMT001,False,酒田,山形県,38.914,139.8127,228,180,0,0,0,0
2,YMT002,True,新庄,山形県,38.7679,140.2957,237,183,0,0,0,0
2,YMT003,False,鶴岡,山形県,38.7292,139.8013,228,184,0,0,0,0
2,YMT004,False,温海,山形県,38.6276,139.5889,223,187,0,0,0,0
2,YMT005,False,肘折,山形県,38.607,140.1621,235,187,0,0,0,0
2,YMT006,False,尾花沢,山形県,38.6001,140.4054,240,188,0,0,0,0
2,YMT007,False,東根,山形県,38.4306,140.3907,239,191,0,0,0,0
2,YMT008,True,中村,山形県,38.3856,139.9921,232,193,0,0,0,0
2,YMT009,False,寒河江,山形県,38.3898,140.2743,237,193,0,0,0,0
2,YMT010,False,山形,山形県,38.2604,140.3488,239,196,0,0,0,0
2,YMT011,False,上山,山形県,38.1502,140.2674,237,198,0,0,0,0
2,YMT012,False,長井,山形県,38.1074,140.0428,232,200,0,0,0,0
2,YMT013,False,小国,山形県,38.0621,139.7575,227,200,0,0,0,0
2,YMT014,False,下屋地,山形県,37.9207,139.8697,229,204,0,0,0,0
2,YMT015,True,米沢,山形県,37.9043,140.0996,233,205,0,0,0,0
2,YMT016,False,清川,山形県,38.7895,140.0185,232,183,0,0,0,0
2,YMT017,False,新庄支所,山形県,38.7909,140.313,238,183,0,0,0,0
1,ABSH01,False,雄武,北海道,44.5276,142.8444,289,42,0,0,0,0
1,ABSH02,False,興部西,北海道,44.4234,143.0264,293,45,0,0,0,0
1,ABSH03,False,興部東,北海道,44.3843,143.2407,297,46,0,0,0,0
1,ABSH04,False,滝上北,北海道,44.192,143.0767,294,50,0,0,0,0
1,ABSH05,False,滝上南,北海道,44.1146,143.0111,293,52,0,0,0,0
1,ABSH06,False,湧別北,北海道,44.2146,143.6202,305,50,0,0,0,0
1,ABSH07,False,白滝,北海道,43.8494,143.0861,294,59,0,0,0,0
1,ABSH08,False,斜里北,北海道,44.064,144.9935,333,53,0,0,0,0
1,ABSH09,False,斜里南,北海道,43.9269,144.8071,329,57,0,0,0,0
1,ABSH10,False,佐呂間,北海道,44.0813,143.9455,312,53,0,0,0,0
1,ABSH11,False,女満別,北海道,43.9144,144.1913,317,57,0,0,0,0
1,ABSH12,False,小清水,北海道,43.8566,144.4574,322,60,0,0,0,0
1,ABSH13,False,留辺蘂,北海道,43.7419,143.4514,302,61,0,0,0,0
1,ABSH14,True,美幌,北海道,43.7228,144.1835,317,62,0,0,0,0
1,ABSH15,False,置戸東,北海道,43.6352,143.51,303,64,0,0,0,0
1,AICH04,False,安城,愛知県,34.9319,137.0568,172,277,0,0,0,0
1,AICH05,False,常滑,愛知県,34.8886,136.8763,167,279,0,0,0,0
1,AICH06,False,渥美,愛知県,34.6158,137.0419,171,285,0,0,0,0
1,AICH07,False,旭,愛知県,35.2194,137.4039,179,270,0,0,0,0
1,AICH08,False,額田,愛知県,34.9189,137.2993,178,278,0,0,0,0
1,AICH09,False,豊橋,愛知県,34.6643,137.3902,178,284,0,0,0,0
1,AICH10,False,鳳来,愛知県,35.0002,137.6243,183,276,0,0,0,0
1,AICH11,False,春日井,愛知県,35.3059,137.057,172,268,0,0,0,0
1,AICH12,False,幡豆,愛知県,34.7884,137.1057,173,281,0,0,0,0
1,AICH13,False,清洲,愛知県,35.2177,136.8509,167,270,0,0,0,0
1,AICH14,False,長久手,愛知県,35.1842,137.0474,171,271,0,0,0,0
1,AICH15,False,足助,愛知県,35.1392,137.3359,177,272,0,0,0,0
1,AICH16,False,設楽,愛知県,35.1543,137.535,181,272,0,0,0,0
1,AICH17,False,豊根,愛知県,35.184,137.7268,185,271,0,0,0,0
1,AICH18,False,岡崎,愛知県,34.9635,137.2377,175,277,0,0,0,0
1,AICH19,True,作手,愛知県,34.9512,137.4114,178,275,0,0,0,0
1,AICH20,True,新城,愛知県,34.8976,137.4876,181,280,0,0,0,0
1,AICH21,False,南知多,愛知県,34.7401,136.9385,169,282,0,0,0,0
1,AICH22,False,豊橋北,愛知県,34.7853,137.4393,179,280,0,0,0,0
1,AKTH01,False,西木北,秋田県,39.8147,140.579,243,158,0,0,0,0
1,AKTH02,False,西木南,秋田県,39.6634,140.5721,243,161,0,0,0,0
1,AKTH03,False,矢島,秋田県,39.2223,140.1283,234,172,0,0,0,0
1,AKTH04,False,東成瀬,秋田県,39.174,140.7129,246,173,0,0,0,0
1,AKTH05,False,鳥海,秋田県,39.0718,140.3185,238,176,0,0,0,0
1,AKTH06,False,雄勝,秋田県,38.9801,140.4952,242,178,0,0,0,0
1,AKTH07,False,小坂,秋田県,40.4563,140.8395,249,142,0,0,0,0
1,AKTH08,False,藤里,秋田県,40.3188,140.2341,236,145,0,0,0,0
1,AKTH09,False,田代,秋田県,40.2755,140.4596,241,146,0,0,0,0
1,AKTH10,False,大館,秋田県,40.3002,140.5812,243,146,0,0,0,0
1,AKTH11,False,男鹿,秋田県,39.9554,139.7623,227,154,0,0,0,0
1,AKTH12,False,五城目,秋田県,39.9155,140.2221,236,155,0,0,0,0
1,AKTH13,False,阿仁,秋田県,39.9819,140.4072,240,154,0,0,0,0
1,AKTH14,False,鹿角,秋田県,40.0622,140.8084,248,152,0,0,0,0
1,AKTH15,False,協和,秋田県,39.6884,140.4075,240,161,0,0,0,0
1,AKTH16,False,西仙北,秋田県,39.545,140.3481,239,164,0,0,0,0
1,AKTH17,False,中仙,秋田県,39.5575,140.6116,244,164,0,0,0,0
1,AKTH18,False,大森,秋田県,39.3548,140.3869,239,169,0,0,0,0
1,AKTH19,False,湯沢,秋田県,39.1913,140.471,241,173,0,0,0,0
1,AOMH01,False,大間,青森県,41.5273,140.9127,250,116,0,0,0,0
1,AOMH02,False,佐井,青森県,41.4049,140.8567,249,119,0,0,0,0
1,AOMH03,False,川内,青森県,41.234,140.9896,252,124,0,0,0,0
1,AOMH04,False,青森,青森県,40.8524,140.6759,245,132,0,0,0,0
1,AOMH05,False,野辺地,青森県,40.8564,141.1033,254,132,0,0,0,0
1,AOMH06,False,六ヶ所,青森県,40.9664,141.3738,259,129,0,0,0,0
1,AOMH07,False,深浦,青森県,40.7451,140.0233,232,135,0,0,0,0
1,AOMH08,False,鰺ヶ沢,青森県,40.7618,140.3121,238,134,0,0,0,0
1,AOMH09,False,岩木,青森県,40.6199,140.3499,239,138,0,0,0,0
1,AOMH10,False,黒石,青森県,40.6091,140.6646,245,138,0,0,0,0
1,AOMH11,False,十和田湖西,青森県,40.58,140.995,252,139,0,0,0,0
1,AOMH12,False,十和田湖東,青森県,40.5846,141.1547,255,139,0,0,0,0
1,AOMH13,False,八戸,青森県,40.5794,141.4451,261,139,0,0,0,0
1,AOMH14,False,西目屋,青森県,40.5488,140.2726,237,140,0,0,0,0
1,AOMH15,False,大鰐,青森県,40.4841,140.5565,243,141,0,0,0,0
1,AOMH16,False,新郷,青森県,40.4624,141.0923,254,142,0,0,0,0
1,AOMH17,False,名川,青森県,40.4492,141.3374,258,143,0,0,0,0
1,AOMH18,False,田子,青森県,40.2962,141.0145,252,146,0,0,0,0
1,CHBH04,False,下総,千葉県,35.7966,140.0206,232,256,0,0,0,0
1,CHBH06,False,匝瑳,千葉県,35.7215,140.5046,242,258,0,0,0,0
1,CHBH10,False,千葉,千葉県,35.5458,140.2417,236,262,0,0,0,0
1,CHBH11,False,養老,千葉県,35.2867,140.1529,235,269,0,0,0,0
1,CHBH12,False,富津,千葉県,35.3445,139.8554,229,267,0,0,0,0
1,CHBH13,False,成田,千葉県,35.8307,140.298,238,255,0,0,0,0
1,CHBH14,False,銚子中,千葉県,35.7342,140.823,248,258,0,0,0,0
1,CHBH15,False,館山西,千葉県,34.9591,139.7885,227,277,0,0,0,0
1,CHBH16,False,鴨川,千葉県,35.1384,139.9649,231,272,0,0,0,0
1,CHBH17,False,勝浦東,千葉県,35.1714,140.3398,238,272,0,0,0,0
1,CHBH19,False,蓮沼,千葉県,35.5943,140.5107,242,261,0,0,0,0
1,CHBH20,False,鴨川南,千葉県,35.0882,140.0997,233,274,0,0,0,0
1,EHMH01,False,津島,愛媛県,33.0556,132.5552,80,324,0,0,0,0
1,EHMH02,False,西条,愛媛県,33.865,133.184,93,304,0,0,0,0
1,EHMH03,False,新宮,愛媛県,33.9154,133.6497,102,302,0,0,0,0
1,EHMH04,False,丹原,愛媛県,33.9023,133.0658,90,303,0,0,0,0
1,EHMH05,False,砥部,愛媛県,33.7112,132.8032,85,307,0,0,0,0
1,EHMH06,False,日吉,愛媛県,33.3348,132.798,85,317,0,0,0,0
1,EHMH07,False,河辺,愛媛県,33.5022,132.748,84,313,0,0,0,0
1,EHMH08,False,柳谷,愛媛県,33.5388,133.0016,89,312,0,0,0,0
1,EHMH09,False,伊方,愛媛県,33.4719,132.3072,75,313,0,0,0,0
1,EHMH10,False,宮窪,愛媛県,34.1918,133.0581,90,296,0,0,0,0
1,EHMH11,False,大洲,愛媛県,33.5807,132.6011,81,311,0,0,0,0
1,EHMH12,False,宇和,愛媛県,33.427,132.5055,79,314,0,0,0,0
1,EHMH13,False,三崎,愛媛県,33.3719,132.1157,71,316,0,0,0,0
1,FKIH01,False,永平寺,福井県,36.0955,136.3617,157,249,0,0,0,0
1,FKIH02,False,織田,福井県,35.9483,136.0556,151,253,0,0,0,0
1,FKIH03,False,和泉,福井県,35.9415,136.699,164,253,0,0,0,0
1,FKIH04,False,三方,福井県,35.5587,135.8694,147,262,0,0,0,0
1,FKIH05,False,敦賀,福井県,35.639,136.0303,151,260,0,0,0,0
1,FKIH06,False,高浜,福井県,35.4907,135.4841,140,264,0,0,0,0
1,FKIH07,False,小浜,福井県,35.4573,135.7266,145,265,0,0,0,0
1,FKOH01,False,北九州,福岡県,33.8849,130.9798,48,303,0,0,0,0
1,FKOH02,False,若宮,福岡県,33.6963,130.5963,40,308,0,0,0,0
1,FKOH03,False,宇美,福岡県,33.5608,130.5499,39,311,0,0,0,0
1,FKOH04,False,嘉穂,福岡県,33.5512,130.7451,43,311,0,0,0,0
1,FKOH05,False,犀川,福岡県,33.5293,130.9503,47,312,0,0,0,0
1,FKOH06,False,豊前,福岡県,33.5925,131.1348,51,310,0,0,0,0
1,FKOH07,False,大刀洗,福岡県,33.3678,130.6354,41,316,0,0,0,0
1,FKOH08,False,小石原,福岡県,33.4654,130.8285,45,313,0,0,0,0
1,FKOH09,False,玄海,福岡県,33.8501,130.5432,39,304,0,0,0,0
1,FKOH10,False,浮羽,福岡県,33.2891,130.817,45,318,0,0,0,0
1,FKSH01,False,西会津,福島県,37.7565,139.715,226,208,0,0,0,0
1,FKSH02,False,熱塩加納,福島県,37.7317,139.8821,229,209,0,0,0,0
1,FKSH03,False,高郷,福島県,37.6078,139.7533,226,212,0,0,0,0
1,FKSH04,False,会津高田,福島県,37.4508,139.8126,228,216,0,0,0,0
1,FKSH05,False,下郷,福島県,37.2544,139.8725,229,220,0,0,0,0
1,FKSH06,False,伊南,福島県,37.1723,139.5199,222,222,0,0,0,0
1,FKSH07,False,檜枝岐,福島県,37.0103,139.3755,219,226,0,0,0,0
1,FKSH08,False,長沼,福島県,37.2822,140.2144,236,220,0,0,0,0
1,FKSH09,False,郡山,福島県,37.353,140.4264,240,218,0,0,0,0
1,FKSH10,False,西郷,福島県,37.1616,140.093,233,223,0,0,0,0
1,FKSH11,False,矢吹,福島県,37.2006,140.3386,238,222,0,0,0,0
1,FKSH12,False,平田,福島県,37.2169,140.5703,243,221,0,0,0,0
1,FKSH13,False,いわき西,福島県,36.9951,140.5853,243,227,0,0,0,0
1,FKSH14,False,いわき東,福島県,37.0264,140.9702,251,226,0,0,0,0
1,FKSH15,False,猪苗代,福島県,37.6461,140.1735,235,211,0,0,0,0
1,FKSH16,False,福島,福島県,37.7643,140.3766,239,208,0,0,0,0
1,FKSH17,False,川俣,福島県,37.6636,140.5974,244,210,0,0,0,0
1,FKSH18,False,三春,福島県,37.4894,140.538,242,215,0,0,0,0
1,FKSH19,False,都路,福島県,37.4703,140.7227,246,215,0,0,0,0
1,FKSH20,False,浪江,福島県,37.4911,140.9871,252,215,0,0,0,0
1,FKSH21,False,只見,福島県,37.3421,139.3147,219,219,0,0,0,0
1,GIFH03,False,根尾,岐阜県,35.6325,136.6134,163,260,0,0,0,0
1,GIFH04,False,古川,岐阜県,36.2448,137.1983,174,245,0,0,0,0
1,GIFH05,False,荘川,岐阜県,36.0654,136.9479,169,250,0,0,0,0
1,GIFH06,False,高富,岐阜県,35.5038,136.7939,166,263,0,0,0,0
1,GIFH07,False,春日,岐阜県,35.4179,136.4347,159,266,0,0,0,0
1,GIFH08,False,大和,岐阜県,35.8323,136.9621,170,255,0,0,0,0
1,GIFH09,False,羽島,岐阜県,35.2768,136.7002,164,269,0,0,0,0
1,GIFH10,False,神岡,岐阜県,36.3779,137.3716,178,242,0,0,0,0
1,GIFH11,False,八百津,岐阜県,35.4865,137.2464,175,264,0,0,0,0
1,GIFH12,False,坂内,岐阜県,35.6033,136.4134,158,261,0,0,0,0
1,GIFH13,False,白川,岐阜県,36.2743,136.8979,168,245,0,0,0,0
1,GIFH14,False,上宝,岐阜県,36.2493,137.5174,181,245,0,0,0,0
1,GIFH15,False,高山,岐阜県,36.1338,137.2208,175,248,0,0,0,0
1,GIFH16,False,朝日北,岐阜県,36.094,137.3438,177,249,0,0,0,0
1,GIFH17,False,高鷲,岐阜県,35.9514,136.8732,168,252,0,0,0,0
1,GIFH18,True,馬瀬,岐阜県,35.8991,137.1495,173,254,0,0,0,0
1,GIFH19,False,朝日南,岐阜県,36.0216,137.3906,178,251,0,0,0,0
1,GIFH20,False,下呂北,岐阜県,35.7991,137.2531,176,256,0,0,0,0
1,GIFH21,False,美並,岐阜県,35.6665,136.9618,170,259,0,0,0,0
1,GIFH22,True,金山,岐阜県,35.6682,137.1054,173,258,0,0,0,0
1,GIFH23,False,板取,岐阜県,35.7235,136.7847,166,258,0,0,0,0
1,GIFH24,False,東白川,岐阜県,35.6401,137.3187,177,260,0,0,0,0
1,GIFH25,False,谷汲,岐阜県,35.5214,136.6127,162,264,0,0,0,0
1,GIFH26,False,各務原,岐阜県,35.4121,136.8764,168,266,0,0,0,0
1,GIFH27,False,美濃加茂,岐阜県,35.4527,137.004,170,265,0,0,0,0
1,GIFH28,False,中津川,岐阜県,35.4571,137.4706,180,265,0,0,0,0
1,GIFH29,False,上石津,岐阜県,35.2953,136.4732,160,269,0,0,0,0
1,GNMH05,False,伊勢崎,群馬県,36.3143,139.1847,215,244,0,0,0,0
1,GNMH06,False,館林,群馬県,36.2441,139.5443,222,245,0,0,0,0
1,GNMH07,False,利根,群馬県,36.6998,139.2104,215,234,0,0,0,0
1,GNMH08,False,嬬恋,群馬県,36.4917,138.5244,201,239,0,0,0,0
1,GNMH09,False,高山,群馬県,36.6212,138.9068,209,236,0,0,0,0
1,GNMH10,False,下仁田,群馬県,36.2356,138.7291,206,245,0,0,0,0
1,GNMH11,False,富岡,群馬県,36.2862,138.921,209,244,0,0,0,0
1,GNMH12,False,神流,群馬県,36.144,138.9129,210,248,0,0,0,0
1,GNMH13,False,水上2,群馬県,36.862,139.0627,212,230,0,0,0,0
1,GNMH14,False,みどり,群馬県,36.4931,139.3219,218,239,0,0,0,0
1,HDKH01,False,平取西,北海道,42.7031,142.2296,277,87,0,0,0,0
1,HDKH02,False,平取東,北海道,42.7061,142.4054,280,87,0,0,0,0
1,HDKH03,True,門別東,北海道,42.5934,142.3521,279,89,0,0,0,0
1,HDKH04,False,門別西,北海道,42.5126,142.0381,273,91,0,0,0,0
1,HDKH05,False,新冠,北海道,42.5977,142.5446,283,89,0,0,0,0
1,HDKH06,False,静内,北海道,42.3498,142.3572,279,95,0,0,0,0
1,HDKH07,False,様似,北海道,42.133,142.9164,291,101,0,0,0,0
1,HRSH01,False,三原,広島県,34.3736,133.0236,91,291,0,0,0,0
1,HRSH02,False,大和,広島県,34.5482,132.948,88,287,0,0,0,0
1,HRSH03,False,御調,広島県,34.5183,133.1375,92,288,0,0,0,0
1,HRSH04,False,沼隈,広島県,34.3785,133.3493,96,291,0,0,0,0
1,HRSH05,False,神辺,広島県,34.5566,133.4179,98,287,0,0,0,0
1,HRSH06,False,口和,広島県,34.9137,132.9123,87,278,0,0,0,0
1,HRSH07,False,呉,広島県,34.2883,132.6411,82,293,0,0,0,0
1,HRSH08,False,佐伯,広島県,34.3935,132.1611,72,291,0,0,0,0
1,HRSH09,False,吉舎,広島県,34.7016,132.9524,88,283,0,0,0,0
1,HRSH10,True,芸北,広島県,34.7471,132.3794,76,282,0,0,0,0
1,HRSH11,False,神石,広島県,34.8225,133.1674,92,280,0,0,0,0
1,HRSH12,False,広島,広島県,34.581,132.4295,77,286,0,0,0,0
1,HRSH13,False,広島南,広島県,34.4122,132.3907,77,290,0,0,0,0
1,HRSH14,False,沖美,広島県,34.209,132.4063,77,295,0,0,0,0
1,HRSH15,False,倉橋,広島県,34.1161,132.5053,79,297,0,0,0,0
1,HRSH16,False,吉田,広島県,34.6629,132.6689,82,284,0,0,0,0
1,HRSH17,False,戸河内,広島県,34.5716,132.2326,73,286,0,0,0,0
1,HRSH18,False,東広島,広島県,34.4572,132.7923,85,289,0,0,0,0
1,HYGH01,True,三原,兵庫県,34.2937,134.7941,125,293,0,0,0,0
1,HYGH02,False,南光,兵庫県,35.0671,134.4234,118,274,0,0,0,0
1,HYGH03,False,波賀,兵庫県,35.2193,134.5237,120,270,0,0,0,0
1,HYGH04,False,篠山,兵庫県,35.0708,135.2811,135,274,0,0,0,0
1,HYGH05,False,上郡,兵庫県,34.8995,134.3284,116,278,0,0,0,0
1,HYGH06,False,相生,兵庫県,34.7935,134.4792,119,281,0,0,0,0
1,HYGH07,False,夢前,兵庫県,35.0322,134.6701,123,275,0,0,0,0
1,HYGH08,False,加美,兵庫県,35.101,134.9036,128,273,0,0,0,0
1,HYGH09,False,東条,兵庫県,34.9082,135.0844,131,278,0,0,0,0
1,HYGH10,False,加古川,兵庫県,34.8164,134.8078,126,280,0,0,0,0
1,HYGH11,False,山東,兵庫県,35.2925,134.9071,128,269,0,0,0,0
1,HYGH12,False,新宮,兵庫県,34.9313,134.5423,120,277,0,0,0,0
1,HYGH13,False,香住,兵庫県,35.6208,134.6566,123,261,0,0,0,0
1,HYGH14,False,出石,兵庫県,35.4574,134.8621,127,265,0,0,0,0
1,HYGH15,False,村岡,兵庫県,35.4697,134.5953,121,264,0,0,0,0
1,HYMH01,False,北檜山,北海道,42.4851,139.9678,231,92,0,0,0,0
1,HYMH02,False,厚沢部,北海道,41.9856,140.3087,238,104,0,0,0,0
1,HYMH03,False,熊石,北海道,42.1344,140.004,232,101,0,0,0,0
1,IBRH06,False,北茨城2,茨城県,36.8809,140.6545,245,230,0,0,0,0
1,IBRH07,False,江戸崎,茨城県,35.9521,140.3301,238,252,0,0,0,0
1,IBRH08,False,大洋,茨城県,36.1188,140.5621,243,248,0,0,0,0
1,IBRH09,False,常北,茨城県,36.439,140.3559,239,240,0,0,0,0
1,IBRH10,False,石下,茨城県,36.1112,139.9889,231,249,0,0,0,0
1,IBRH11,False,岩瀬,茨城県,36.3701,140.1401,234,242,0,0,0,0
1,IBRH12,False,大子,茨城県,36.8369,140.3181,238,231,0,0,0,0
1,IBRH13,False,高萩,茨城県,36.7955,140.575,243,232,0,0,0,0
1,IBRH14,False,十王,茨城県,36.6922,140.5484,243,234,0,0,0,0
1,IBRH15,False,御前山,茨城県,36.5566,140.3013,238,238,0,0,0,0
1,IBRH16,False,山方,茨城県,36.6405,140.3976,240,236,0,0,0,0
1,IBRH17,False,霞ヶ浦,茨城県,36.0864,140.314,238,249,0,0,0,0
1,IBRH18,False,ひたちなか,茨城県,36.3631,140.6198,244,242,0,0,0,0
1,IBRH19,False,つくば,茨城県,36.2137,140.0893,233,246,0,0,0,0
1,IBRH20,False,波崎2,茨城県,35.8284,140.7323,246,255,0,0,0,0
1,IBRH21,False,つくば南,茨城県,35.9814,140.105,234,252,0,0,0,0
1,IBUH01,False,追分,北海道,42.8739,141.8191,268,83,0,0,0,0
1,IBUH02,False,穂別,北海道,42.8714,142.1285,275,83,0,0,0,0
1,IBUH03,False,厚真,北海道,42.6486,141.8641,269,88,0,0,0,0
1,IBUH04,False,豊浦,北海道,42.6415,140.665,245,88,0,0,0,0
1,IBUH05,False,白老,北海道,42.5629,141.3497,259,90,0,0,0,0
1,IBUH06,False,室蘭,北海道,42.4116,141.0017,252,94,0,0,0,0
1,IBUH07,False,大滝,北海道,42.6476,141.0643,253,88,0,0,0,0
1,IKRH01,False,当別,北海道,43.4087,141.5836,264,69,0,0,0,0
1,IKRH02,False,新篠津,北海道,43.2204,141.6523,265,74,0,0,0,0
1,IKRH03,False,千歳,北海道,42.888,141.6399,265,82,0,0,0,0
1,ISKH01,False,珠洲,石川県,37.5266,137.2844,176,214,0,0,0,0
1,ISKH02,False,柳田,石川県,37.3644,137.0413,171,218,0,0,0,0
1,ISKH03,False,内浦,石川県,37.3458,137.2436,175,218,0,0,0,0
1,ISKH04,False,富来,石川県,37.1902,136.7176,165,222,0,0,0,0
1,ISKH05,False,穴水,石川県,37.2224,136.9689,170,221,0,0,0,0
1,ISKH06,False,志賀,石川県,37.0533,136.8206,167,225,0,0,0,0
1,ISKH07,False,金沢,石川県,36.515,136.6357,163,239,0,0,0,0
1,ISKH08,False,津幡,石川県,36.738,136.7906,166,233,0,0,0,0
1,ISKH09,False,尾口,石川県,36.2667,136.7168,165,245,0,0,0,0
1,IWTH01,False,二戸東,岩手県,40.2383,141.3423,259,147,0,0,0,0
1,IWTH02,False,玉山,岩手県,39.825,141.3826,260,157,0,0,0,0
1,IWTH03,False,岩泉,岩手県,39.802,141.652,265,158,0,0,0,0
1,IWTH04,False,住田,岩手県,39.1809,141.3909,260,173,0,0,0,0
1,IWTH05,False,藤沢,岩手県,38.8654,141.3512,259,181,0,0,0,0
1,IWTH06,False,二戸西,岩手県,40.2611,141.1709,255,147,0,0,0,0
1,IWTH07,False,軽米,岩手県,40.2705,141.5709,263,146,0,0,0,0
1,IWTH08,False,久慈北,岩手県,40.2686,141.7831,268,147,0,0,0,0
1,IWTH09,False,久慈南,岩手県,40.0861,141.712,266,151,0,0,0,0
1,IWTH10,False,安代,岩手県,40.1391,140.9529,251,150,0,0,0,0
1,IWTH11,False,一戸,岩手県,40.0811,141.1915,256,151,0,0,0,0
1,IWTH12,False,九戸,岩手県,40.1533,141.4245,260,149,0,0,0,0
1,IWTH13,False,葛巻,岩手県,39.9398,141.5492,263,155,0,0,0,0
1,IWTH14,False,田老,岩手県,39.7435,141.9087,270,159,0,0,0,0
1,IWTH15,False,矢巾,岩手県,39.6148,141.0929,254,163,0,0,0,0
1,IWTH16,False,雫石,岩手県,39.6436,140.9465,251,162,0,0,0,0
1,IWTH17,False,川井北,岩手県,39.6442,141.5977,264,162,0,0,0,0
1,IWTH18,False,川井南,岩手県,39.463,141.6775,266,166,0,0,0,0
1,IWTH19,False,花巻北,岩手県,39.4559,141.0001,252,166,0,0,0,0
1,IWTH20,False,花巻南,岩手県,39.3434,141.0473,253,169,0,0,0,0
1,IWTH21,False,山田,岩手県,39.4734,141.9336,271,166,0,0,0,0
1,IWTH22,False,東和,岩手県,39.334,141.3015,258,169,0,0,0,0
1,IWTH23,False,釜石,岩手県,39.2741,141.8233,269,171,0,0,0,0
1,IWTH24,False,金ヶ崎,岩手県,39.1979,141.0118,252,173,0,0,0,0
1,IWTH25,True,一関西,岩手県,39.0092,140.8638,249,177,0,0,0,0
1,IWTH26,False,一関東,岩手県,38.969,141.0013,252,178,0,0,0,0
1,IWTH27,False,陸前高田,岩手県,39.0307,141.532,263,177,0,0,0,0
1,IWTH28,False,一関西2,岩手県,39.0094,140.864,249,177,0,0,0,0
1,KGSH01,False,長島,鹿児島県,32.1554,130.1191,30,346,0,0,0,0
1,KGSH02,False,阿久根,鹿児島県,31.994,130.2077,32,350,0,0,0,0
1,KGSH03,False,宮之城,鹿児島県,31.9812,130.4438,37,350,0,0,0,0
1,KGSH04,True,川内,鹿児島県,31.8374,130.3602,35,353,0,0,0,0
1,KGSH05,True,祁答院,鹿児島県,31.8699,130.4958,38,353,0,0,0,0
1,KGSH06,False,郡山,鹿児島県,31.6988,130.4594,37,357,0,0,0,0
1,KGSH07,False,姶良,鹿児島県,31.714,130.6149,40,356,0,0,0,0
1,KGSH08,False,大隅,鹿児島県,31.5618,130.9969,48,360,0,0,0,0
1,KGSH09,False,知覧,鹿児島県,31.3741,130.4333,37,365,0,0,0,0
1,KGSH10,False,山川,鹿児島県,31.2066,130.6183,41,369,0,0,0,0
1,KGSH11,False,佐多,鹿児島県,31.0899,130.699,42,372,0,0,0,0
1,KGSH12,False,内之浦,鹿児島県,31.2583,131.0877,50,368,0,0,0,0
1,KGSH13,False,鹿屋,鹿児島県,31.4005,130.8541,45,364,0,0,0,0
1,KGWH01,False,綾上,香川県,34.2186,133.9493,108,295,0,0,0,0
1,KGWH02,False,三野,香川県,34.198,133.7081,103,295,0,0,0,0
1,KGWH03,False,三木,香川県,34.27,134.1482,112,294,0,0,0,0
1,KGWH04,False,大内,香川県,34.2264,134.3043,116,295,0,0,0,0
1,KGWH05,False,内海,香川県,34.4572,134.3241,116,289,0,0,0,0
1,KKWH01,False,美深北,北海道,44.5973,142.3036,278,40,0,0,0,0
1,KKWH02,False,美深東,北海道,44.5509,142.5736,284,41,0,0,0,0
1,KKWH03,False,美深西,北海道,44.4732,142.2725,278,43,0,0,0,0
1,KKWH04,False,名寄,北海道,44.4376,142.4056,280,44,0,0,0,0
1,KKWH05,False,下川西,北海道,44.2921,142.6303,285,48,0,0,0,0
1,KKWH06,False,下川東,北海道,44.3207,142.7656,288,47,0,0,0,0
1,KKWH07,False,富良野,北海道,43.3697,142.3409,280,71,0,0,0,0
1,KKWH08,False,占冠,北海道,43.0406,142.6562,285,78,0,0,0,0
1,KKWH09,False,音威子府,北海道,44.7745,142.2542,277,36,0,0,0,0
1,KKWH10,False,中川,北海道,44.6617,142.0528,273,39,0,0,0,0
1,KKWH11,False,和寒,北海道,43.9754,142.2834,278,56,0,0,0,0
1,KKWH12,False,美瑛東,北海道,43.5038,142.6006,284,67,0,0,0,0
1,KKWH13,False,美瑛西,北海道,43.5113,142.3906,280,67,0,0,0,0
1,KKWH14,False,中富良野,北海道,43.3841,142.5245,283,70,0,0,0,0
1,KKWH15,False,上川,北海道,43.8546,142.7656,288,59,0,0,0,0
1,KMMH01,False,鹿北,熊本県,33.1089,130.6949,42,322,0,0,0,0
1,KMMH02,False,小国,熊本県,33.122,131.0629,50,322,0,0,0,0
1,KMMH03,False,菊池,熊本県,32.9984,130.8301,45,325,0,0,0,0
1,KMMH04,False,阿蘇,熊本県,32.9514,131.0199,48,325,0,0,0,0
1,KMMH05,False,波野,熊本県,32.9553,131.2207,53,326,0,0,0,0
1,KMMH06,False,白水,熊本県,32.8114,131.101,50,330,0,0,0,0
1,KMMH07,False,三角,熊本県,32.6234,130.5584,39,334,0,0,0,0
1,KMMH08,False,矢部,熊本県,32.6501,131.0251,49,333,0,0,0,0
1,KMMH09,False,泉,熊本県,32.4901,130.9046,46,337,0,0,0,0
1,KMMH10,False,新和,熊本県,32.3151,130.1811,32,342,0,0,0,0
1,KMMH11,False,芦北,熊本県,32.2918,130.5777,40,342,0,0,0,0
1,KMMH12,False,人吉,熊本県,32.2054,130.7371,43,344,0,0,0,0
1,KMMH13,False,上,熊本県,32.2209,130.9096,46,344,0,0,0,0
1,KMMH14,False,豊野,熊本県,32.6345,130.7521,43,334,0,0,0,0
1,KMMH15,False,水俣,熊本県,32.1704,130.3647,35,345,0,0,0,0
1,KMMH16,False,益城,熊本県,32.7967,130.8199,45,330,0,0,0,0
1,KMMH17,False,玉名,熊本県,32.9873,130.5608,39,325,0,0,0,0
1,KNGH10,False,横浜,神奈川県,35.4991,139.5195,222,264,0,0,0,0
1,KNGH11,False,厚木,神奈川県,35.404,139.3539,218,266,0,0,0,0
1,KNGH18,False,藤野,神奈川県,35.6437,139.1283,214,261,0,0,0,0
1,KNGH19,False,山北中,神奈川県,35.4173,139.0436,212,266,0,0,0,0
1,KNGH20,False,松田,神奈川県,35.3663,139.126,214,266,0,0,0,0
1,KNGH21,False,清川,神奈川県,35.4628,139.2146,215,264,0,0,0,0
1,KNGH22,True,山北南,神奈川県,35.3583,139.091,213,268,0,0,0,0
1,KNGH23,False,葉山,神奈川県,35.2624,139.611,224,269,0,0,0,0
1,KOCH01,False,北川,高知県,33.5421,134.1197,112,312,0,0,0,0
1,KOCH02,True,吾北,高知県,33.7079,133.3641,96,308,0,0,0,0
1,KOCH03,False,大正,高知県,33.2683,132.9891,89,318,0,0,0,0
1,KOCH04,False,大月,高知県,32.8414,132.7066,83,329,0,0,0,0
1,KOCH05,False,池川,高知県,33.6472,133.1444,92,309,0,0,0,0
1,KOCH06,False,中村,高知県,33.0754,132.9524,88,323,0,0,0,0
1,KOCH07,False,須崎,高知県,33.392,133.2866,95,315,0,0,0,0
1,KOCH08,False,土佐清水,高知県,32.7797,132.9718,88,330,0,0,0,0
1,KOCH09,False,香北,高知県,33.6748,133.8243,106,308,0,0,0,0
1,KOCH10,False,伊野,高知県,33.5313,133.4388,98,312,0,0,0,0
1,KOCH11,False,室戸,高知県,33.2866,134.1603,113,318,0,0,0,0
1,KOCH12,False,芸西,高知県,33.5294,133.8192,106,312,0,0,0,0
1,KOCH13,False,本山,高知県,33.7543,133.576,101,306,0,0,0,0
1,KSRH01,False,阿寒北,北海道,43.4361,144.0844,315,69,0,0,0,0
1,KSRH02,False,阿寒南,北海道,43.1142,144.123,315,77,0,0,0,0
1,KSRH03,False,標茶北,北海道,43.3848,144.6279,326,70,0,0,0,0
1,KSRH04,False,標茶南,北海道,43.2139,144.6804,327,74,0,0,0,0
1,KSRH05,False,鶴居西,北海道,43.2556,144.2338,318,73,0,0,0,0
1,KSRH06,False,鶴居東,北海道,43.22,144.4285,322,74,0,0,0,0
1,KSRH07,False,鶴居南,北海道,43.1359,144.3274,320,76,0,0,0,0
1,KSRH08,False,白糠北,北海道,43.1603,143.8936,311,76,0,0,0,0
1,KSRH09,False,白糠南,北海道,42.9856,143.9841,313,80,0,0,0,0
1,KSRH10,True,浜中,北海道,43.2084,145.1168,336,74,0,0,0,0
1,KYTH01,False,野田川,京都府,35.5243,135.1243,132,263,0,0,0,0
1,KYTH02,False,伊根,京都府,35.7101,135.2496,135,258,0,0,0,0
1,KYTH03,False,福知山,京都府,35.313,135.1334,132,268,0,0,0,0
1,KYTH04,False,美山,京都府,35.2685,135.5508,141,269,0,0,0,0
1,KYTH05,True,網野,京都府,35.6814,135.0268,130,259,0,0,0,0
1,KYTH06,False,亀岡,京都府,35.0469,135.4846,140,275,0,0,0,0
1,KYTH07,False,久御山,京都府,34.8983,135.7461,145,278,0,0,0,0
1,KYTH08,False,京都,京都府,35.0094,135.7304,145,276,0,0,0,0
1,MIEH01,False,四日市,三重県,34.9849,136.4563,159,276,0,0,0,0
1,MIEH02,False,大山田,三重県,34.7662,136.2835,156,282,0,0,0,0
1,MIEH03,False,嬉野,三重県,34.547,136.3692,158,287,0,0,0,0
1,MIEH04,False,度会,三重県,34.3532,136.5866,162,292,0,0,0,0
1,MIEH05,False,尾鷲,三重県,34.0637,136.1689,154,299,0,0,0,0
1,MIEH06,False,宮川,三重県,34.358,136.3293,157,292,0,0,0,0
1,MIEH07,False,志摩,三重県,34.2544,136.8216,167,294,0,0,0,0
1,MIEH08,False,松阪,三重県,34.5424,136.5033,160,287,0,0,0,0
1,MIEH09,False,紀宝,三重県,33.7644,135.9969,150,306,0,0,0,0
1,MIEH10,False,芸濃,三重県,34.8224,136.4245,159,280,0,0,0,0
1,MYGH01,True,仙台,宮城県,38.24,140.9969,252,196,0,0,0,0
1,MYGH02,False,鳴子,宮城県,38.8587,140.6513,245,181,0,0,0,0
1,MYGH03,False,唐桑,宮城県,38.9207,141.6377,265,180,0,0,0,0
1,MYGH04,False,東和,宮城県,38.786,141.3254,258,183,0,0,0,0
1,MYGH05,False,小野田,宮城県,38.5793,140.7804,247,188,0,0,0,0
1,MYGH06,False,田尻,宮城県,38.5907,141.071,253,188,0,0,0,0
1,MYGH07,False,川崎,宮城県,38.1802,140.6405,244,198,0,0,0,0
1,MYGH08,False,岩沼,宮城県,38.1133,140.8441,249,199,0,0,0,0
1,MYGH09,False,白石,宮城県,38.0091,140.6027,244,202,0,0,0,0
1,MYGH10,False,山元,宮城県,37.9411,140.8924,250,204,0,0,0,0
1,MYGH11,False,河北,宮城県,38.5158,141.3421,259,190,0,0,0,0
1,MYGH12,True,志津川,宮城県,38.6416,141.4428,261,186,0,0,0,0
1,MYGH13,False,南三陸,宮城県,38.6993,141.4176,260,185,0,0,0,0
1,MYGH14,False,利府,宮城県,38.34,140.9551,251,194,0,0,0,0
1,MYZH01,True,五ヶ瀬,宮崎県,32.6536,131.2257,53,333,0,0,0,0
1,MYZH02,False,北川,宮崎県,32.6972,131.6829,62,332,0,0,0,0
1,MYZH03,False,椎葉,宮崎県,32.4754,131.1043,50,338,0,0,0,0
1,MYZH04,False,諸塚,宮崎県,32.5181,131.3349,55,337,0,0,0,0
1,MYZH05,False,南郷,宮崎県,32.347,131.2668,54,341,0,0,0,0
1,MYZH06,False,東郷,宮崎県,32.3607,131.4643,58,341,0,0,0,0
1,MYZH07,False,西米良,宮崎県,32.1987,131.1946,52,345,0,0,0,0
1,MYZH08,False,川南,宮崎県,32.2132,131.5309,59,344,0,0,0,0
1,MYZH09,False,須木,宮崎県,32.0421,131.0618,50,348,0,0,0,0
1,MYZH10,False,国富,宮崎県,32.0215,131.29,54,349,0,0,0,0
1,MYZH11,False,佐土原,宮崎県,32.0208,131.47,58,349,0,0,0,0
1,MYZH12,False,都城北,宮崎県,31.8643,130.9454,47,353,0,0,0,0
1,MYZH13,False,都城南,宮崎県,31.7301,131.0791,50,356,0,0,0,0
1,MYZH14,False,日南,宮崎県,31.5649,131.351,55,360,0,0,0,0
1,MYZH15,False,日向,宮崎県,32.3654,131.5893,60,340,0,0,0,0
1,MYZH16,False,延岡,宮崎県,32.506,131.6958,62,337,0,0,0,0
1,NARH01,False,十津川西,奈良県,33.9666,135.6489,143,301,0,0,0,0
1,NARH02,False,十津川東,奈良県,33.9692,135.8574,147,301,0,0,0,0
1,NARH03,False,川上,奈良県,34.2925,136.0022,150,293,0,0,0,0
1,NARH04,False,黒滝,奈良県,34.3061,135.8369,147,293,0,0,0,0
1,NARH05,False,東吉野,奈良県,34.4237,136.0294,151,290,0,0,0,0
1,NARH06,False,山添,奈良県,34.6413,136.0512,151,285,0,0,0,0
1,NARH07,False,天理,奈良県,34.5843,135.8541,147,286,0,0,0,0
1,NGNH03,False,阿智2,長野県,35.4786,137.7346,185,264,0,0,0,0
1,NGNH07,False,中野,長野県,36.7434,138.376,198,233,0,0,0,0
1,NGNH08,False,三郷,長野県,36.2541,137.8591,188,245,0,0,0,0
1,NGNH09,False,武石,長野県,36.2859,138.2491,196,243,0,0,0,0
1,NGNH10,False,木祖,長野県,35.9632,137.7669,186,252,0,0,0,0
1,NGNH11,False,富士見,長野県,35.9157,138.3052,197,253,0,0,0,0
1,NGNH12,False,南牧,長野県,35.9696,138.4797,201,252,0,0,0,0
1,NGNH13,False,喬木,長野県,35.5143,137.8767,188,263,0,0,0,0
1,NGNH14,False,平谷,長野県,35.3095,137.6261,183,268,0,0,0,0
1,NGNH15,False,辰野,長野県,36.0088,137.9305,189,251,0,0,0,0
1,NGNH16,False,茅野,長野県,35.9465,138.1848,195,253,0,0,0,0
1,NGNH17,False,佐久,長野県,36.1425,138.5504,202,248,0,0,0,0
1,NGNH18,False,開田,長野県,35.9324,137.595,183,253,0,0,0,0
1,NGNH19,False,川上,長野県,35.9735,138.5845,203,252,0,0,0,0
1,NGNH20,False,上松,長野県,35.787,137.7173,185,256,0,0,0,0
1,NGNH21,False,伊那,長野県,35.8315,137.9236,189,255,0,0,0,0
1,NGNH22,False,長谷,長野県,35.7946,138.0824,192,256,0,0,0,0
1,NGNH23,False,南木曽,長野県,35.6056,137.6105,183,261,0,0,0,0
1,NGNH24,False,松川,長野県,35.6152,137.8797,188,261,0,0,0,0
1,NGNH25,False,南信濃,長野県,35.2986,137.9268,189,268,0,0,0,0
1,NGNH26,False,上山田,長野県,36.4663,138.1474,194,240,0,0,0,0
1,NGNH27,False,信州新,長野県,36.577,138.0479,192,237,0,0,0,0
1,NGNH28,False,戸隠,長野県,36.7075,138.0964,193,234,0,0,0,0
1,NGNH29,False,野沢温泉,長野県,36.9102,138.4408,200,229,0,0,0,0
1,NGNH30,False,奈川,長野県,36.064,137.6849,184,250,0,0,0,0
1,NGNH31,False,塩尻,長野県,36.1184,137.9389,190,248,0,0,0,0
1,NGNH32,False,松本,長野県,36.2578,137.9898,191,245,0,0,0,0
1,NGNH33,False,生坂,長野県,36.4598,137.9637,190,240,0,0,0,0
1,NGNH34,False,大町中,長野県,36.5327,137.8201,187,238,0,0,0,0
1,NGNH35,False,穂高,長野県,36.3824,137.8201,187,242,0,0,0,0
1,NGNH36,False,白馬,長野県,36.6984,137.8482,188,234,0,0,0,0
1,NGNH37,False,御代田,長野県,36.3308,138.4967,201,243,0,0,0,0
1,NGNH54,False,飯田,長野県,35.4489,138.0058,191,265,0,0,0,0
1,NGSH01,False,平戸,長崎県,33.2116,129.4353,16,320,0,0,0,0
1,NGSH02,False,佐世保北,長崎県,33.2122,129.7652,23,320,0,0,0,0
1,NGSH03,False,佐世保南,長崎県,33.1256,129.8102,24,322,0,0,0,0
1,NGSH04,False,琴海,長崎県,32.9553,129.8026,24,326,0,0,0,0
1,NGSH05,False,高来,長崎県,32.9103,130.1408,31,327,0,0,0,0
1,NGSH06,False,長崎,長崎県,32.6999,129.8625,26,331,0,0,0,0
1,NIGH01,False,長岡,新潟県,37.4272,138.8876,209,216,0,0,0,0
1,NIGH02,False,朝日,新潟県,38.2799,139.5486,222,195,0,0,0,0
1,NIGH03,False,荒川,新潟県,38.1327,139.4289,220,199,0,0,0,0
1,NIGH04,False,関川,新潟県,38.1313,139.5428,222,199,0,0,0,0
1,NIGH05,False,聖籠,新潟県,37.9759,139.2788,217,203,0,0,0,0
1,NIGH06,False,加茂,新潟県,37.6527,139.0676,212,211,0,0,0,0
1,NIGH07,False,村松,新潟県,37.6658,139.261,216,210,0,0,0,0
1,NIGH08,False,津川,新潟県,37.6708,139.4648,221,210,0,0,0,0
1,NIGH09,False,下田,新潟県,37.5386,139.1279,214,214,0,0,0,0
1,NIGH10,False,上川,新潟県,37.5438,139.3648,219,213,0,0,0,0
1,NIGH11,False,川西,新潟県,37.1728,138.744,206,222,0,0,0,0
1,NIGH12,False,湯之谷,新潟県,37.2239,138.9821,211,221,0,0,0,0
1,NIGH13,False,牧,新潟県,37.0544,138.3966,199,225,0,0,0,0
1,NIGH14,False,塩沢,新潟県,37.0303,138.8521,208,226,0,0,0,0
1,NIGH15,False,六日,新潟県,37.0533,138.9951,211,225,0,0,0,0
1,NIGH16,False,糸魚川,新潟県,36.9378,137.848,188,228,0,0,0,0
1,NIGH17,False,妙高高原,新潟県,36.8569,138.0966,193,230,0,0,0,0
1,NIGH18,False,妙高,新潟県,36.9425,138.2594,196,228,0,0,0,0
1,NIGH19,False,湯沢,新潟県,36.8114,138.7849,207,231,0,0,0,0
1,NMRH01,False,標津北,北海道,43.785,145.0246,334,60,0,0,0,0
1,NMRH02,False,標津南,北海道,43.6772,144.9618,332,63,0,0,0,0
1,NMRH03,False,中標津,北海道,43.5508,144.9665,333,66,0,0,0,0
1,NMRH04,False,別海東,北海道,43.3978,145.1224,336,70,0,0,0,0
1,NMRH05,False,別海西,北海道,43.39,144.8021,329,70,0,0,0,0
1,OITH01,False,山国,大分県,33.4122,131.0326,49,315,0,0,0,0
1,OITH02,False,山香,大分県,33.4581,131.4429,57,314,0,0,0,0
1,OITH03,False,安岐,大分県,33.4736,131.6856,62,313,0,0,0,0
1,OITH04,False,庄内,大分県,33.1306,131.3473,55,322,0,0,0,0
1,OITH05,False,野津原,大分県,33.1525,131.542,59,321,0,0,0,0
1,OITH06,False,竹田,大分県,32.9726,131.3984,56,326,0,0,0,0
1,OITH07,False,三重,大分県,32.987,131.5881,60,325,0,0,0,0
1,OITH08,False,宇目西,大分県,32.8392,131.5357,59,329,0,0,0,0
1,OITH09,False,宇目東,大分県,32.8486,131.6786,62,329,0,0,0,0
1,OITH10,False,佐伯,大分県,32.9278,131.8695,66,327,0,0,0,0
1,OITH11,False,九重,大分県,33.2844,131.2118,53,318,0,0,0,0
1,OKYH01,False,玉野,岡山県,34.507,133.8905,107,288,0,0,0,0
1,OKYH02,False,瀬戸,岡山県,34.7501,134.0702,111,282,0,0,0,0
1,OKYH03,False,岡山,岡山県,34.7783,133.789,105,281,0,0,0,0
1,OKYH04,False,真備,岡山県,34.6429,133.6861,103,285,0,0,0,0
1,OKYH05,False,建部,岡山県,34.8684,133.8527,106,279,0,0,0,0
1,OKYH06,False,美星,岡山県,34.6756,133.5283,100,284,0,0,0,0
1,OKYH07,False,神郷,岡山県,35.0493,133.3169,95,275,0,0,0,0
1,OKYH08,False,哲多,岡山県,34.9103,133.4055,97,278,0,0,0,0
1,OKYH09,False,湯原,岡山県,35.1809,133.6765,103,271,0,0,0,0
1,OKYH10,False,上斎原,岡山県,35.2826,133.9263,108,269,0,0,0,0
1,OKYH11,False,勝央,岡山県,35.0732,134.1162,112,274,0,0,0,0
1,OKYH12,False,大原,岡山県,35.0999,134.319,116,273,0,0,0,0
1,OKYH13,False,日生,岡山県,34.7283,134.2744,115,282,0,0,0,0
1,OKYH14,False,北房,岡山県,34.9363,133.6205,102,277,0,0,0,0
1,OSKH01,False,田尻,大阪府,34.3977,135.2836,135,291,0,0,0,0
1,OSKH02,False,此花,大阪府,34.6628,135.3896,138,284,0,0,0,0
1,OSKH03,False,太子,大阪府,34.5248,135.6608,143,287,0,0,0,0
1,OSKH04,False,交野,大阪府,34.763,135.7052,144,282,0,0,0,0
1,OSKH05,False,大阪,大阪府,34.7159,135.5199,140,283,0,0,0,0
1,OSMH01,False,知内,北海道,41.5977,140.4207,240,114,0,0,0,0
1,OSMH02,False,上磯,北海道,41.8374,140.6331,244,108,0,0,0,0
1,RMIH01,False,幌延,北海道,45.0167,142.0795,274,30,0,0,0,0
1,RMIH02,True,天塩,北海道,44.8948,141.9251,271,33,0,0,0,0
1,RMIH03,False,遠別,北海道,44.6359,141.8187,268,39,0,0,0,0
1,RMIH04,False,小平東,北海道,44.0974,141.9621,271,53,0,0,0,0
1,RMIH05,False,小平西,北海道,44.0254,141.7876,268,54,0,0,0,0
1,SAGH01,False,鎮西,佐賀県,33.508,129.8877,26,312,0,0,0,0
1,SAGH02,False,伊万里,佐賀県,33.2656,129.8798,26,318,0,0,0,0
1,SAGH03,False,富士,佐賀県,33.4098,130.2329,33,315,0,0,0,0
1,SAGH04,False,東脊振,佐賀県,33.3654,130.4046,36,316,0,0,0,0
1,SAGH05,False,白石,佐賀県,33.1806,130.1046,30,320,0,0,0,0
1,SBSH01,False,古平,北海道,43.2341,140.6228,244,74,0,0,0,0
1,SBSH02,False,泊,北海道,43.0527,140.5017,242,78,0,0,0,0
1,SBSH03,False,赤井川,北海道,43.0842,140.8199,248,77,0,0,0,0
1,SBSH04,False,共和,北海道,42.9758,140.6219,244,80,0,0,0,0
1,SBSH05,False,倶知安,北海道,42.95,140.8223,248,81,0,0,0,0
1,SBSH06,False,蘭越,北海道,42.8309,140.4831,241,84,0,0,0,0
1,SBSH07,False,真狩,北海道,42.763,140.8084,248,85,0,0,0,0
1,SBSH08,False,喜茂別,北海道,42.768,140.9766,251,85,0,0,0,0
1,SBSH09,False,黒松内,北海道,42.6104,140.4841,241,89,0,0,0,0
1,SBSH10,False,島牧,北海道,42.7797,140.1557,236,85,0,0,0,0
1,SIGH01,False,多賀,滋賀県,35.2383,136.3599,157,270,0,0,0,0
1,SIGH02,False,大津,滋賀県,35.2482,135.8671,147,270,0,0,0,0
1,SIGH03,False,信楽,滋賀県,34.853,136.0316,151,279,0,0,0,0
1,SIGH04,False,日野,滋賀県,34.9638,136.261,155,277,0,0,0,0
1,SITH01,False,岩槻,埼玉県,35.929,139.7349,226,252,0,0,0,0
1,SITH03,False,日高,埼玉県,35.899,139.3843,219,255,0,0,0,0
1,SITH04,False,所沢,埼玉県,35.8028,139.5353,222,256,0,0,0,0
1,SITH05,False,神泉,埼玉県,36.1509,139.0504,212,248,0,0,0,0
1,SITH06,False,川本,埼玉県,36.1131,139.2894,217,248,0,0,0,0
1,SITH07,False,名栗,埼玉県,35.9118,139.1485,214,253,0,0,0,0
1,SITH08,False,小鹿野,埼玉県,36.0274,138.9691,210,251,0,0,0,0
1,SITH09,False,皆野,埼玉県,36.0715,139.0993,213,250,0,0,0,0
1,SITH10,False,都幾川,埼玉県,35.9964,139.2191,216,251,0,0,0,0
1,SITH11,False,飯能,埼玉県,35.8637,139.2726,217,255,0,0,0,0
1,SMNH01,False,伯太,島根県,35.2963,133.2604,94,269,0,0,0,0
1,SMNH02,False,仁多,島根県,35.2235,133.0856,91,270,0,0,0,0
1,SMNH03,True,佐田,島根県,35.2243,132.7223,83,270,0,0,0,0
1,SMNH04,False,邑智,島根県,35.0918,132.5308,79,274,0,0,0,0
1,SMNH05,False,羽須美,島根県,34.8697,132.6396,82,279,0,0,0,0
1,SMNH06,False,金城,島根県,34.8839,132.2026,73,279,0,0,0,0
1,SMNH07,False,美都,島根県,34.694,132.0402,69,283,0,0,0,0
1,SMNH08,True,石見,島根県,34.8801,132.4208,77,279,0,0,0,0
1,SMNH09,False,匹見,島根県,34.5725,132.0122,69,286,0,0,0,0
1,SMNH10,True,美保関,島根県,35.5579,133.3004,95,262,0,0,0,0
1,SMNH11,False,平田,島根県,35.4259,132.8008,85,265,0,0,0,0
1,SMNH12,False,吉田,島根県,35.1634,132.8558,86,272,0,0,0,0
1,SMNH13,False,江津,島根県,35.0087,132.3069,75,276,0,0,0,0
1,SMNH14,False,六日市,島根県,34.3904,131.8925,66,291,0,0,0,0
1,SMNH15,False,鹿島,島根県,35.5232,133.0226,89,263,0,0,0,0
1,SMNH16,False,加茂,島根県,35.3422,132.8989,87,267,0,0,0,0
1,SOYH01,False,猿払北,北海道,45.3346,142.1185,276,22,0,0,0,0
1,SOYH02,False,猿払南,北海道,45.2163,142.2254,277,25,0,0,0,0
1,SOYH03,True,稚内西,北海道,45.2531,141.6334,265,24,0,0,0,0
1,SOYH04,False,稚内東,北海道,45.2303,141.8806,270,25,0,0,0,0
1,SOYH05,False,稚内北,北海道,45.4883,141.885,270,18,0,0,0,0
1,SOYH06,False,豊富,北海道,45.1019,141.7834,268,28,0,0,0,0
1,SOYH07,False,浜頓別,北海道,45.1001,142.4307,281,28,0,0,0,0
1,SOYH08,False,中頓別,北海道,44.9387,142.2247,277,32,0,0,0,0
1,SOYH09,False,歌登北,北海道,44.857,142.4868,282,34,0,0,0,0
1,SOYH10,False,歌登南,北海道,44.7433,142.6039,284,37,0,0,0,0
1,SRCH01,False,幌加内北,北海道,44.2803,142.1594,275,48,0,0,0,0
1,SRCH02,True,幌加内中,北海道,44.116,142.1414,275,52,0,0,0,0
1,SRCH03,False,幌加内南,北海道,43.9994,142.1258,275,55,0,0,0,0
1,SRCH04,False,沼田,北海道,43.8203,141.9397,271,59,0,0,0,0
1,SRCH05,False,深川北,北海道,43.8243,142.1594,275,59,0,0,0,0
1,SRCH06,False,深川南,北海道,43.6948,142.0776,274,62,0,0,0,0
1,SRCH07,False,三笠,北海道,43.23,141.8978,270,74,0,0,0,0
1,SRCH08,False,砂川,北海道,43.5138,141.909,270,67,0,0,0,0
1,SRCH09,False,栗山,北海道,43.0587,141.8063,268,78,0,0,0,0
1,SRCH10,False,夕張,北海道,42.993,142.0085,272,80,0,0,0,0
1,SZOH24,False,引佐,静岡県,34.8343,137.6616,184,280,0,0,0,0
1,SZOH25,False,新居,静岡県,34.6913,137.5604,182,283,0,0,0,0
1,SZOH26,False,袋井,静岡県,34.7948,137.9034,189,281,0,0,0,0
1,SZOH28,False,浜松,静岡県,34.6683,137.7441,186,284,0,0,0,0
1,SZOH29,False,静岡北,静岡県,35.307,138.1973,195,268,0,0,0,0
1,SZOH30,False,水窪北,静岡県,35.2233,137.9181,189,270,0,0,0,0
1,SZOH31,False,川根,静岡県,34.9398,138.0767,191,277,0,0,0,0
1,SZOH32,False,龍山東,静岡県,35.0086,137.8409,188,276,0,0,0,0
1,SZOH33,False,静岡南,静岡県,35.0146,138.3526,198,275,0,0,0,0
1,SZOH34,False,清水北,静岡県,35.1304,138.4243,199,273,0,0,0,0
1,SZOH35,False,伊東中,静岡県,34.9467,139.0855,213,277,0,0,0,0
1,SZOH36,False,藤枝,静岡県,34.9142,138.2008,195,278,0,0,0,0
1,SZOH37,False,芝川,静岡県,35.2028,138.5659,202,271,0,0,0,0
1,SZOH38,False,函南,静岡県,35.0854,138.9779,211,274,0,0,0,0
1,SZOH39,False,西伊豆西,静岡県,34.7988,138.7724,206,281,0,0,0,0
1,SZOH40,False,河津,静岡県,34.7832,138.97,210,281,0,0,0,0
1,SZOH41,False,南伊豆,静岡県,34.6749,138.834,208,284,0,0,0,0
1,SZOH42,False,修善寺,静岡県,34.9756,138.9128,209,276,0,0,0,0
1,SZOH43,False,清水南,静岡県,34.9739,138.4924,201,276,0,0,0,0
1,SZOH53,False,掛川3,静岡県,34.8768,138.0174,191,279,0,0,0,0
1,SZOH54,False,初島2,静岡県,35.0417,139.1685,215,275,0,0,0,0
1,TCGH06,False,真岡,栃木県,36.4458,139.9509,230,240,0,0,0,0
1,TCGH07,False,栗山西,栃木県,36.8817,139.4534,220,230,0,0,0,0
1,TCGH08,False,栗山東,栃木県,36.8828,139.6459,224,230,0,0,0,0
1,TCGH09,False,矢板,栃木県,36.8625,139.8364,228,230,0,0,0,0
1,TCGH10,False,大田原,栃木県,36.8578,140.0225,234,229,0,0,0,0
1,TCGH11,False,今市,栃木県,36.7084,139.7694,227,234,0,0,0,0
1,TCGH12,False,氏家,栃木県,36.6959,139.9842,231,234,0,0,0,0
1,TCGH13,False,馬頭,栃木県,36.7342,140.1781,235,233,0,0,0,0
1,TCGH14,False,粟野,栃木県,36.5509,139.6154,224,238,0,0,0,0
1,TCGH15,False,宇都宮,栃木県,36.5595,139.8637,229,238,0,0,0,0
1,TCGH16,False,芳賀,栃木県,36.548,140.0751,233,238,0,0,0,0
1,TCGH17,False,藤原2,栃木県,36.9853,139.6922,225,227,0,0,0,0
1,TKCH01,False,陸別,北海道,43.4683,143.683,306,68,0,0,0,0
1,TKCH02,False,足寄東,北海道,43.3822,143.8983,311,70,0,0,0,0
1,TKCH03,False,足寄西,北海道,43.2708,143.4317,301,73,0,0,0,0
1,TKCH04,False,新得南,北海道,43.1739,142.9176,291,75,0,0,0,0
1,TKCH05,False,本別,北海道,43.1211,143.6181,305,77,0,0,0,0
1,TKCH06,False,芽室,北海道,42.892,143.0603,294,82,0,0,0,0
1,TKCH07,False,豊頃,北海道,42.8114,143.5203,303,84,0,0,0,0
1,TKCH08,False,大樹,北海道,42.4865,143.152,296,92,0,0,0,0
1,TKCH10,False,新得北,北海道,43.3337,142.9448,291,71,0,0,0,0
1,TKCH11,False,清水,北海道,42.8742,142.883,290,83,0,0,0,0
1,TKSH01,False,日和佐,徳島県,33.7751,134.4994,120,306,0,0,0,0
1,TKSH02,False,貞光,徳島県,34.0112,134.0918,111,300,0,0,0,0
1,TKSH03,False,木屋平,徳島県,33.8778,134.1294,112,303,0,0,0,0
1,TKSH04,False,徳島,徳島県,33.9902,134.5337,120,301,0,0,0,0
1,TKSH05,False,海南,徳島県,33.6628,134.3156,116,309,0,0,0,0
1,TKSH06,False,井川,徳島県,33.9997,133.8933,107,300,0,0,0,0
1,TKYH02,False,府中,東京都,35.6539,139.4704,221,260,0,0,0,0
1,TKYH11,False,江東,東京都,35.6114,139.8125,230,260,0,0,0,0
1,TKYH12,True,八王子,東京都,35.6701,139.265,216,259,0,0,0,0
1,TKYH13,False,檜原南,東京都,35.7017,139.1275,214,258,0,0,0,0
1,TTRH01,False,智頭,鳥取県,35.2604,134.2173,114,269,0,0,0,0
1,TTRH02,False,日野,鳥取県,35.2313,133.3909,97,270,0,0,0,0
1,TTRH03,False,溝口,鳥取県,35.3553,133.4918,99,267,0,0,0,0
1,TTRH04,False,赤碕,鳥取県,35.4668,133.6307,102,264,0,0,0,0
1,TTRH05,False,岩美,鳥取県,35.5729,134.3426,116,262,0,0,0,0
1,TTRH06,False,河原,鳥取県,35.3946,134.1988,113,266,0,0,0,0
1,TTRH07,False,関金,鳥取県,35.3649,133.7486,104,267,0,0,0,0
1,TYMH01,False,氷見,富山県,36.8866,136.9276,169,230,0,0,0,0
1,TYMH02,False,大門,富山県,36.7142,137.0378,171,234,0,0,0,0
1,TYMH03,False,富山,富山県,36.7294,137.2627,176,233,0,0,0,0
1,TYMH04,False,魚津,富山県,36.7914,137.4689,180,232,0,0,0,0
1,TYMH05,False,井波,富山県,36.5736,136.9584,170,237,0,0,0,0
1,TYMH06,False,八尾,富山県,36.5711,137.1595,174,237,0,0,0,0
1,TYMH07,False,利賀,富山県,36.4406,137.0392,171,240,0,0,0,0
1,WKYH01,False,広川,和歌山県,33.9804,135.2122,134,301,0,0,0,0
1,WKYH02,False,花園,和歌山県,34.1373,135.5369,141,297,0,0,0,0
1,WKYH03,False,野上,和歌山県,34.1314,135.3244,136,297,0,0,0,0
1,WKYH04,False,すさみ,和歌山県,33.5559,135.5454,140,311,0,0,0,0
1,WKYH05,False,那智勝浦,和歌山県,33.6072,135.8619,147,310,0,0,0,0
1,WKYH06,False,大塔,和歌山県,33.6948,135.5953,142,308,0,0,0,0
1,WKYH07,False,上富田,和歌山県,33.6894,135.4396,139,308,0,0,0,0
1,WKYH08,False,那賀,和歌山県,34.3228,135.4483,139,294,0,0,0,0
1,WKYH09,False,和歌山,和歌山県,34.2868,135.0714,131,293,0,0,0,0
1,WKYH10,False,印南,和歌山県,33.8248,135.2172,134,305,0,0,0,0
1,YMGH01,False,防府,山口県,34.0494,131.5618,60,299,0,0,0,0
1,YMGH02,False,美祢,山口県,34.1111,131.1434,51,298,0,0,0,0
1,YMGH03,False,岩国,山口県,34.1891,132.126,71,296,0,0,0,0
1,YMGH04,False,周東,山口県,34.027,132.0626,70,300,0,0,0,0
1,YMGH05,False,美川,山口県,34.1974,131.9943,69,295,0,0,0,0
1,YMGH06,False,宇部,山口県,33.9893,131.3012,54,301,0,0,0,0
1,YMGH07,False,菊川,山口県,34.1149,131.0506,49,298,0,0,0,0
1,YMGH08,False,豊浦,山口県,34.1349,130.9323,47,297,0,0,0,0
1,YMGH09,False,田万川,山口県,34.6257,131.6681,62,285,0,0,0,0
1,YMGH10,False,むつみ,山口県,34.4837,131.6329,61,288,0,0,0,0
1,YMGH11,False,徳地,山口県,34.2091,131.6859,62,295,0,0,0,0
1,YMGH12,False,美東,山口県,34.2176,131.3597,56,295,0,0,0,0
1,YMGH13,False,長門,山口県,34.3408,131.177,52,292,0,0,0,0
1,YMGH14,False,萩,山口県,34.3979,131.3774,56,291,0,0,0,0
1,YMGH15,False,徳山,山口県,33.9725,131.8149,65,301,0,0,0,0
1,YMGH16,False,上関,山口県,33.826,132.104,71,305,0,0,0,0
1,YMGH17,False,東和,山口県,33.9291,132.4046,77,302,0,0,0,0
1,YMNH08,False,西野原,山梨県,35.6895,138.734,206,259,0,0,0,0
1,YMNH09,False,早川,山梨県,35.4327,138.3325,198,265,0,0,0,0
1,YMNH10,False,早川北,山梨県,35.5351,138.3087,197,263,0,0,0,0
1,YMNH11,False,大月,山梨県,35.6247,138.9777,211,260,0,0,0,0
1,YMNH12,False,増穂,山梨県,35.5623,138.449,200,262,0,0,0,0
1,YMNH13,False,身延,山梨県,35.3509,138.4203,199,267,0,0,0,0
1,YMNH14,False,都留南,山梨県,35.5115,138.9675,210,263,0,0,0,0
1,YMNH15,False,上九一色,山梨県,35.5323,138.6045,203,263,0,0,0,0
1,YMNH16,False,甲府2,山梨県,35.7421,138.5653,202,258,0,0,0,0
1,YMTH01,False,天童,山形県,38.3841,140.3805,239,193,0,0,0,0
1,YMTH02,False,山形,山形県,38.2693,140.2583,237,196,0,0,0,0
1,YMTH03,False,南陽,山形県,38.1035,140.1553,235,200,0,0,0,0
1,YMTH04,False,上山,山形県,38.0813,140.2978,238,200,0,0,0,0
1,YMTH05,False,小国,山形県,37.9883,139.8017,227,202,0,0,0,0
1,YMTH06,False,高畠,山形県,37.9633,140.1836,235,203,0,0,0,0
1,YMTH07,False,米沢,山形県,37.896,140.0278,232,205,0,0,0,0
1,YMTH08,False,八幡,山形県,38.9701,140.0333,232,178,0,0,0,0
1,YMTH09,True,戸沢,山形県,38.7498,140.178,235,184,0,0,0,0
1,YMTH10,False,舟形,山形県,38.7107,140.3744,239,185,0,0,0,0
1,YMTH11,False,最上,山形県,38.7132,140.5544,243,185,0,0,0,0
1,YMTH12,False,立川,山形県,38.6357,140.0055,232,187,0,0,0,0
1,YMTH13,False,朝日,山形県,38.4704,139.7606,227,191,0,0,0,0
1,YMTH14,True,西川西,山形県,38.386,139.9916,231,193,0,0,0,0
1,YMTH15,False,西川東,山形県,38.4257,140.1249,234,192,0,0,0,0
